,ジム,1,2,1,1,100,,https://img.atwikiimg.com/www65.atwiki.jp/battle-operation2/attach/341/1625/ms_GM.png,https://w.atwiki.jp/battle-operation2/pages/341.html,0,0
,ジム,2,2,1,1,150,,https://img.atwikiimg.com/www65.atwiki.jp/battle-operation2/attach/341/1625/ms_GM.png,https://w.atwiki.jp/battle-operation2/pages/341.html,0,0
,ジム,3,2,1,1,200,,https://img.atwikiimg.com/www65.atwiki.jp/battle-operation2/attach/341/1625/ms_GM.png,https://w.atwiki.jp/battle-operation2/pages/341.html,0,0
,ジム,4,2,1,1,250,,https://img.atwikiimg.com/www65.atwiki.jp/battle-operation2/attach/341/1625/ms_GM.png,https://w.atwiki.jp/battle-operation2/pages/341.html,0,0
,ジム,5,2,1,1,300,,https://img.atwikiimg.com/www65.atwiki.jp/battle-operation2/attach/341/1625/ms_GM.png,https://w.atwiki.jp/battle-operation2/pages/341.html,0,0
,ジム［WD隊仕様］,1,2,1,0,300,,https://img.atwikiimg.com/www65.atwiki.jp/battle-operation2/attach/1126/2357/img_oqus9a4d.png,https://w.atwiki.jp/battle-operation2/pages/1126.html,0,0
,ジム［WD隊仕様］,2,2,1,0,350,,https://img.atwikiimg.com/www65.atwiki.jp/battle-operation2/attach/1126/2357/img_oqus9a4d.png,https://w.atwiki.jp/battle-operation2/pages/1126.html,0,0
,ジム［WD隊仕様］,3,2,1,0,400,,https://img.atwikiimg.com/www65.atwiki.jp/battle-operation2/attach/1126/2357/img_oqus9a4d.png,https://w.atwiki.jp/battle-operation2/pages/1126.html,0,0
,ジム・トレーナー,1,2,1,1,100,,https://img.atwikiimg.com/www65.atwiki.jp/battle-operation2/attach/358/2826/img_p2v4uriw.png,https://w.atwiki.jp/battle-operation2/pages/358.html,0,0
,ジム・トレーナー,2,2,1,1,150,,https://img.atwikiimg.com/www65.atwiki.jp/battle-operation2/attach/358/2826/img_p2v4uriw.png,https://w.atwiki.jp/battle-operation2/pages/358.html,0,0
,ジム・トレーナー,3,2,1,1,200,,https://img.atwikiimg.com/www65.atwiki.jp/battle-operation2/attach/358/2826/img_p2v4uriw.png,https://w.atwiki.jp/battle-operation2/pages/358.html,0,0
,ジム改,1,2,1,1,200,,https://img.atwikiimg.com/www65.atwiki.jp/battle-operation2/attach/148/20/GM_C_01.jpg,https://w.atwiki.jp/battle-operation2/pages/148.html,0,0
,ジム改,2,2,1,1,250,,https://img.atwikiimg.com/www65.atwiki.jp/battle-operation2/attach/148/20/GM_C_01.jpg,https://w.atwiki.jp/battle-operation2/pages/148.html,0,0
,ジム改,3,2,1,1,300,,https://img.atwikiimg.com/www65.atwiki.jp/battle-operation2/attach/148/20/GM_C_01.jpg,https://w.atwiki.jp/battle-operation2/pages/148.html,0,0
,ジム・インターセプトカスタムFB,1,2,0,1,350,,https://img.atwikiimg.com/www65.atwiki.jp/battle-operation2/attach/1409/2803/img_62xpgpq7.png,https://w.atwiki.jp/battle-operation2/pages/1409.html,0,0
,ジム・インターセプトカスタムFB,2,2,0,1,400,,https://img.atwikiimg.com/www65.atwiki.jp/battle-operation2/attach/1409/2803/img_62xpgpq7.png,https://w.atwiki.jp/battle-operation2/pages/1409.html,0,0
,ジム・ナイトシーカー,1,2,1,1,200,,https://img.atwikiimg.com/www65.atwiki.jp/battle-operation2/attach/869/2033/img_ec12tx78.png,https://w.atwiki.jp/battle-operation2/pages/869.html,0,0
,ジム・ナイトシーカー,2,2,1,1,250,,https://img.atwikiimg.com/www65.atwiki.jp/battle-operation2/attach/869/2033/img_ec12tx78.png,https://w.atwiki.jp/battle-operation2/pages/869.html,0,0
,ジム・ナイトシーカー,3,2,1,1,300,,https://img.atwikiimg.com/www65.atwiki.jp/battle-operation2/attach/869/2033/img_ec12tx78.png,https://w.atwiki.jp/battle-operation2/pages/869.html,0,0
,ジム寒冷地仕様,1,2,1,0,250,,https://img.atwikiimg.com/www65.atwiki.jp/battle-operation2/attach/762/1917/img_ysr54tmr.png,https://w.atwiki.jp/battle-operation2/pages/762.html,0,0
,ジム寒冷地仕様,2,2,1,0,300,,https://img.atwikiimg.com/www65.atwiki.jp/battle-operation2/attach/762/1917/img_ysr54tmr.png,https://w.atwiki.jp/battle-operation2/pages/762.html,0,0
,ジム寒冷地仕様,3,2,1,0,350,,https://img.atwikiimg.com/www65.atwiki.jp/battle-operation2/attach/762/1917/img_ysr54tmr.png,https://w.atwiki.jp/battle-operation2/pages/762.html,0,0
,ジム寒冷地仕様,4,2,1,0,400,,https://img.atwikiimg.com/www65.atwiki.jp/battle-operation2/attach/762/1917/img_ysr54tmr.png,https://w.atwiki.jp/battle-operation2/pages/762.html,0,0
,装甲強化型ジム,1,2,1,0,250,,https://img.atwikiimg.com/www65.atwiki.jp/battle-operation2/attach/1215/2513/img_oil1u7zz.png,https://w.atwiki.jp/battle-operation2/pages/1215.html,0,0
,装甲強化型ジム,2,2,1,0,300,,https://img.atwikiimg.com/www65.atwiki.jp/battle-operation2/attach/1215/2513/img_oil1u7zz.png,https://w.atwiki.jp/battle-operation2/pages/1215.html,0,0
,装甲強化型ジム,3,2,1,0,350,,https://img.atwikiimg.com/www65.atwiki.jp/battle-operation2/attach/1215/2513/img_oil1u7zz.png,https://w.atwiki.jp/battle-operation2/pages/1215.html,0,0
,装甲強化型ジム,4,2,1,0,400,,https://img.atwikiimg.com/www65.atwiki.jp/battle-operation2/attach/1215/2513/img_oil1u7zz.png,https://w.atwiki.jp/battle-operation2/pages/1215.html,0,0
,ジム・コマンド,1,2,1,0,250,,https://img.atwikiimg.com/www65.atwiki.jp/battle-operation2/attach/565/1854/img_y2tqjf7z.png,https://w.atwiki.jp/battle-operation2/pages/565.html,0,0
,ジム・コマンド,2,2,1,0,300,,https://img.atwikiimg.com/www65.atwiki.jp/battle-operation2/attach/565/1854/img_y2tqjf7z.png,https://w.atwiki.jp/battle-operation2/pages/565.html,0,0
,ジム・コマンド,3,2,1,0,350,,https://img.atwikiimg.com/www65.atwiki.jp/battle-operation2/attach/565/1854/img_y2tqjf7z.png,https://w.atwiki.jp/battle-operation2/pages/565.html,0,0
,ジム・コマンド,4,2,1,0,400,,https://img.atwikiimg.com/www65.atwiki.jp/battle-operation2/attach/565/1854/img_y2tqjf7z.png,https://w.atwiki.jp/battle-operation2/pages/565.html,0,0
,ジム・コマンド宇宙戦仕様,1,2,0,1,250,,https://img.atwikiimg.com/www65.atwiki.jp/battle-operation2/attach/698/1853/img_cep8a5mr.png,https://w.atwiki.jp/battle-operation2/pages/698.html,0,0
,ジム・コマンド宇宙戦仕様,2,2,0,1,300,,https://img.atwikiimg.com/www65.atwiki.jp/battle-operation2/attach/698/1853/img_cep8a5mr.png,https://w.atwiki.jp/battle-operation2/pages/698.html,0,0
,ジム・コマンド宇宙戦仕様,3,2,0,1,350,,https://img.atwikiimg.com/www65.atwiki.jp/battle-operation2/attach/698/1853/img_cep8a5mr.png,https://w.atwiki.jp/battle-operation2/pages/698.html,0,0
,ジム・コマンド宇宙戦仕様,4,2,0,1,400,,https://img.atwikiimg.com/www65.atwiki.jp/battle-operation2/attach/698/1853/img_cep8a5mr.png,https://w.atwiki.jp/battle-operation2/pages/698.html,0,0
,ジム・スナイパーⅡ［WD隊仕様］,1,2,1,0,400,,https://img.atwikiimg.com/www65.atwiki.jp/battle-operation2/attach/1199/2443/img_s5c4cf3f.png,https://w.atwiki.jp/battle-operation2/pages/1199.html,0,0
,ジム・スナイパーⅡ［WD隊仕様］,2,2,1,0,450,,https://img.atwikiimg.com/www65.atwiki.jp/battle-operation2/attach/1199/2443/img_s5c4cf3f.png,https://w.atwiki.jp/battle-operation2/pages/1199.html,0,0
,ジム・スナイパーⅡ［WD隊仕様］,3,2,1,0,500,,https://img.atwikiimg.com/www65.atwiki.jp/battle-operation2/attach/1199/2443/img_s5c4cf3f.png,https://w.atwiki.jp/battle-operation2/pages/1199.html,0,0
,パワード・ジム,1,2,1,1,350,,https://img.atwikiimg.com/www65.atwiki.jp/battle-operation2/attach/335/1439/powered_gym.jpg,https://w.atwiki.jp/battle-operation2/pages/335.html,0,0
,パワード・ジム,2,2,1,1,400,,https://img.atwikiimg.com/www65.atwiki.jp/battle-operation2/attach/335/1439/powered_gym.jpg,https://w.atwiki.jp/battle-operation2/pages/335.html,0,0
,パワード・ジム,3,2,1,1,450,,https://img.atwikiimg.com/www65.atwiki.jp/battle-operation2/attach/335/1439/powered_gym.jpg,https://w.atwiki.jp/battle-operation2/pages/335.html,0,0
,パワード・ジム,4,2,1,1,500,,https://img.atwikiimg.com/www65.atwiki.jp/battle-operation2/attach/335/1439/powered_gym.jpg,https://w.atwiki.jp/battle-operation2/pages/335.html,0,0
,パワード・ジム,5,2,1,1,550,,https://img.atwikiimg.com/www65.atwiki.jp/battle-operation2/attach/335/1439/powered_gym.jpg,https://w.atwiki.jp/battle-operation2/pages/335.html,0,0
,ジム・カスタム,1,2,1,1,400,,https://img.atwikiimg.com/www65.atwiki.jp/battle-operation2/attach/1477/2850/img_pcaw1war.png,https://w.atwiki.jp/battle-operation2/pages/1477.html,0,0
,ジム・カスタム,2,2,1,1,450,,https://img.atwikiimg.com/www65.atwiki.jp/battle-operation2/attach/1477/2850/img_pcaw1war.png,https://w.atwiki.jp/battle-operation2/pages/1477.html,0,0
,ジム・カスタム,3,2,1,1,500,,https://img.atwikiimg.com/www65.atwiki.jp/battle-operation2/attach/1477/2850/img_pcaw1war.png,https://w.atwiki.jp/battle-operation2/pages/1477.html,0,0
,アクア・ジム,1,2,1,0,300,,https://img.atwikiimg.com/www65.atwiki.jp/battle-operation2/attach/2617/3375/img_sp2n6yqr.png,https://w.atwiki.jp/battle-operation2/pages/2617.html,0,0
,アクア・ジム,2,2,1,0,350,,https://img.atwikiimg.com/www65.atwiki.jp/battle-operation2/attach/2617/3375/img_sp2n6yqr.png,https://w.atwiki.jp/battle-operation2/pages/2617.html,0,0
,アクア・ジム,3,2,1,0,400,,https://img.atwikiimg.com/www65.atwiki.jp/battle-operation2/attach/2617/3375/img_sp2n6yqr.png,https://w.atwiki.jp/battle-operation2/pages/2617.html,0,0
,水中型ガンダム,1,2,1,0,350,,https://img.atwikiimg.com/www65.atwiki.jp/battle-operation2/attach/2715/3409/img_sf2n3eou.png,https://w.atwiki.jp/battle-operation2/pages/2715.html,0,0
,水中型ガンダム,2,2,1,0,400,,https://img.atwikiimg.com/www65.atwiki.jp/battle-operation2/attach/2715/3409/img_sf2n3eou.png,https://w.atwiki.jp/battle-operation2/pages/2715.html,0,0
,陸戦型ジム,1,2,1,0,150,,https://img.atwikiimg.com/www65.atwiki.jp/battle-operation2/attach/519/1678/img_h5ox34fs.png,https://w.atwiki.jp/battle-operation2/pages/519.html,0,0
,陸戦型ジム,2,2,1,0,200,,https://img.atwikiimg.com/www65.atwiki.jp/battle-operation2/attach/519/1678/img_h5ox34fs.png,https://w.atwiki.jp/battle-operation2/pages/519.html,0,0
,陸戦型ジム,3,2,1,0,250,,https://img.atwikiimg.com/www65.atwiki.jp/battle-operation2/attach/519/1678/img_h5ox34fs.png,https://w.atwiki.jp/battle-operation2/pages/519.html,0,0
,陸戦型ジム,4,2,1,0,300,,https://img.atwikiimg.com/www65.atwiki.jp/battle-operation2/attach/519/1678/img_h5ox34fs.png,https://w.atwiki.jp/battle-operation2/pages/519.html,0,0
,陸戦型ジム,5,2,1,0,350,,https://img.atwikiimg.com/www65.atwiki.jp/battle-operation2/attach/519/1678/img_h5ox34fs.png,https://w.atwiki.jp/battle-operation2/pages/519.html,0,0
,陸戦型ガンダム,1,2,1,0,300,,https://img.atwikiimg.com/www65.atwiki.jp/battle-operation2/attach/116/9/gundam_ground_type_01.jpg,https://w.atwiki.jp/battle-operation2/pages/116.html,0,0
,陸戦型ガンダム,2,2,1,0,350,,https://img.atwikiimg.com/www65.atwiki.jp/battle-operation2/attach/116/9/gundam_ground_type_01.jpg,https://w.atwiki.jp/battle-operation2/pages/116.html,0,0
,陸戦型ガンダム,3,2,1,0,400,,https://img.atwikiimg.com/www65.atwiki.jp/battle-operation2/attach/116/9/gundam_ground_type_01.jpg,https://w.atwiki.jp/battle-operation2/pages/116.html,0,0
,陸戦型ガンダム,4,2,1,0,450,,https://img.atwikiimg.com/www65.atwiki.jp/battle-operation2/attach/116/9/gundam_ground_type_01.jpg,https://w.atwiki.jp/battle-operation2/pages/116.html,0,0
,陸戦型ガンダム,5,2,1,0,500,,https://img.atwikiimg.com/www65.atwiki.jp/battle-operation2/attach/116/9/gundam_ground_type_01.jpg,https://w.atwiki.jp/battle-operation2/pages/116.html,0,0
,ガンダムEz8,1,2,1,0,350,,https://img.atwikiimg.com/www65.atwiki.jp/battle-operation2/attach/368/1697/img_cit0p332.png,https://w.atwiki.jp/battle-operation2/pages/368.html,0,0
,ガンダムEz8,2,2,1,0,400,,https://img.atwikiimg.com/www65.atwiki.jp/battle-operation2/attach/368/1697/img_cit0p332.png,https://w.atwiki.jp/battle-operation2/pages/368.html,0,0
,ガンダムEz8,3,2,1,0,450,,https://img.atwikiimg.com/www65.atwiki.jp/battle-operation2/attach/368/1697/img_cit0p332.png,https://w.atwiki.jp/battle-operation2/pages/368.html,0,0
,ガンダムEz8,4,2,1,0,500,,https://img.atwikiimg.com/www65.atwiki.jp/battle-operation2/attach/368/1697/img_cit0p332.png,https://w.atwiki.jp/battle-operation2/pages/368.html,0,0
,ガンダムEz8,5,2,1,0,550,,https://img.atwikiimg.com/www65.atwiki.jp/battle-operation2/attach/368/1697/img_cit0p332.png,https://w.atwiki.jp/battle-operation2/pages/368.html,0,0
,ブルーディスティニー3号機,1,2,1,1,400,,https://img.atwikiimg.com/www65.atwiki.jp/battle-operation2/attach/1005/2199/BD3_01.png,https://w.atwiki.jp/battle-operation2/pages/1005.html,0,0
,ブルーディスティニー3号機,2,2,1,1,450,,https://img.atwikiimg.com/www65.atwiki.jp/battle-operation2/attach/1005/2199/BD3_01.png,https://w.atwiki.jp/battle-operation2/pages/1005.html,0,0
,ブルーディスティニー3号機,3,2,1,1,500,,https://img.atwikiimg.com/www65.atwiki.jp/battle-operation2/attach/1005/2199/BD3_01.png,https://w.atwiki.jp/battle-operation2/pages/1005.html,0,0
,ブルーディスティニー3号機,4,2,1,1,550,,https://img.atwikiimg.com/www65.atwiki.jp/battle-operation2/attach/1005/2199/BD3_01.png,https://w.atwiki.jp/battle-operation2/pages/1005.html,0,0
,スレイヴ・レイス,1,2,1,0,350,,https://img.atwikiimg.com/www65.atwiki.jp/battle-operation2/attach/1147/2395/slave_wraith_01.png,https://w.atwiki.jp/battle-operation2/pages/1147.html,0,0
,スレイヴ・レイス,2,2,1,0,400,,https://img.atwikiimg.com/www65.atwiki.jp/battle-operation2/attach/1147/2395/slave_wraith_01.png,https://w.atwiki.jp/battle-operation2/pages/1147.html,0,0
,スレイヴ・レイス,3,2,1,0,450,,https://img.atwikiimg.com/www65.atwiki.jp/battle-operation2/attach/1147/2395/slave_wraith_01.png,https://w.atwiki.jp/battle-operation2/pages/1147.html,0,0
,ガンキャノン重装型タイプD,1,2,1,0,400,,https://img.atwikiimg.com/www65.atwiki.jp/battle-operation2/attach/1791/3010/img_e5sbfuxa.png,https://w.atwiki.jp/battle-operation2/pages/1791.html,0,0
,ガンキャノン重装型タイプD,2,2,1,0,450,,https://img.atwikiimg.com/www65.atwiki.jp/battle-operation2/attach/1791/3010/img_e5sbfuxa.png,https://w.atwiki.jp/battle-operation2/pages/1791.html,0,0
,ガンキャノン重装型タイプD,3,2,1,0,500,,https://img.atwikiimg.com/www65.atwiki.jp/battle-operation2/attach/1791/3010/img_e5sbfuxa.png,https://w.atwiki.jp/battle-operation2/pages/1791.html,0,0
,ガンダム,1,2,1,1,400,,https://img.atwikiimg.com/www65.atwiki.jp/battle-operation2/attach/353/1626/ms_rx-78-2.png,https://w.atwiki.jp/battle-operation2/pages/353.html,0,0
,ガンダム,2,2,1,1,450,,https://img.atwikiimg.com/www65.atwiki.jp/battle-operation2/attach/353/1626/ms_rx-78-2.png,https://w.atwiki.jp/battle-operation2/pages/353.html,0,0
,ガンダム,3,2,1,1,500,,https://img.atwikiimg.com/www65.atwiki.jp/battle-operation2/attach/353/1626/ms_rx-78-2.png,https://w.atwiki.jp/battle-operation2/pages/353.html,0,0
,ガンダム,4,2,1,1,550,,https://img.atwikiimg.com/www65.atwiki.jp/battle-operation2/attach/353/1626/ms_rx-78-2.png,https://w.atwiki.jp/battle-operation2/pages/353.html,0,0
,ガンダム,5,2,1,1,600,,https://img.atwikiimg.com/www65.atwiki.jp/battle-operation2/attach/353/1626/ms_rx-78-2.png,https://w.atwiki.jp/battle-operation2/pages/353.html,0,0
,フルアーマーガンダム陸戦タイプ,1,2,1,0,450,,https://img.atwikiimg.com/www65.atwiki.jp/battle-operation2/attach/1960/3084/img_v2fx7wng.png,https://w.atwiki.jp/battle-operation2/pages/1960.html,0,0
,フルアーマーガンダム陸戦タイプ,2,2,1,0,500,,https://img.atwikiimg.com/www65.atwiki.jp/battle-operation2/attach/1960/3084/img_v2fx7wng.png,https://w.atwiki.jp/battle-operation2/pages/1960.html,0,0
,ガンダム4号機,1,2,1,1,450,,https://img.atwikiimg.com/www65.atwiki.jp/battle-operation2/attach/1228/2611/img_qh1k0t3u.png,https://w.atwiki.jp/battle-operation2/pages/1228.html,0,0
,ガンダム4号機,2,2,1,1,500,,https://img.atwikiimg.com/www65.atwiki.jp/battle-operation2/attach/1228/2611/img_qh1k0t3u.png,https://w.atwiki.jp/battle-operation2/pages/1228.html,0,0
,ガンダム4号機,3,2,1,1,550,,https://img.atwikiimg.com/www65.atwiki.jp/battle-operation2/attach/1228/2611/img_qh1k0t3u.png,https://w.atwiki.jp/battle-operation2/pages/1228.html,0,0
,ガンダム4号機,4,2,1,1,600,,https://img.atwikiimg.com/www65.atwiki.jp/battle-operation2/attach/1228/2611/img_qh1k0t3u.png,https://w.atwiki.jp/battle-operation2/pages/1228.html,0,0
,ガンダム4号機Bst,1,2,1,1,500,,https://img.atwikiimg.com/www65.atwiki.jp/battle-operation2/attach/2458/3304/img_bTyFtoXS.png,https://w.atwiki.jp/battle-operation2/pages/2458.html,0,0
,ガンダム4号機Bst,2,2,1,1,550,,https://img.atwikiimg.com/www65.atwiki.jp/battle-operation2/attach/2458/3304/img_bTyFtoXS.png,https://w.atwiki.jp/battle-operation2/pages/2458.html,0,0
,アレックス,1,2,1,1,450,,https://img.atwikiimg.com/www65.atwiki.jp/battle-operation2/attach/955/2169/img_pnfro6sr.png,https://w.atwiki.jp/battle-operation2/pages/955.html,0,0
,アレックス,2,2,1,1,500,,https://img.atwikiimg.com/www65.atwiki.jp/battle-operation2/attach/955/2169/img_pnfro6sr.png,https://w.atwiki.jp/battle-operation2/pages/955.html,0,0
,アレックス,3,2,1,1,550,,https://img.atwikiimg.com/www65.atwiki.jp/battle-operation2/attach/955/2169/img_pnfro6sr.png,https://w.atwiki.jp/battle-operation2/pages/955.html,0,0
,アレックス,4,2,1,1,600,,https://img.atwikiimg.com/www65.atwiki.jp/battle-operation2/attach/955/2169/img_pnfro6sr.png,https://w.atwiki.jp/battle-operation2/pages/955.html,0,0
,ペイルライダー［陸戦重装備仕様］,1,2,1,0,400,,https://img.atwikiimg.com/www65.atwiki.jp/battle-operation2/attach/1090/2321/palerider_heavy_01.png,https://w.atwiki.jp/battle-operation2/pages/1090.html,0,0
,ペイルライダー［陸戦重装備仕様］,2,2,1,0,450,,https://img.atwikiimg.com/www65.atwiki.jp/battle-operation2/attach/1090/2321/palerider_heavy_01.png,https://w.atwiki.jp/battle-operation2/pages/1090.html,0,0
,ペイルライダー［陸戦重装備仕様］,3,2,1,0,500,,https://img.atwikiimg.com/www65.atwiki.jp/battle-operation2/attach/1090/2321/palerider_heavy_01.png,https://w.atwiki.jp/battle-operation2/pages/1090.html,0,0
,ペイルライダー［空間戦仕様］,1,2,0,1,400,,https://img.atwikiimg.com/www65.atwiki.jp/battle-operation2/attach/1615/2906/RX-80PR_space.png,https://w.atwiki.jp/battle-operation2/pages/1615.html,0,0
,ペイルライダー［空間戦仕様］,2,2,0,1,450,,https://img.atwikiimg.com/www65.atwiki.jp/battle-operation2/attach/1615/2906/RX-80PR_space.png,https://w.atwiki.jp/battle-operation2/pages/1615.html,0,0
,ペイルライダー［空間戦仕様］,3,2,0,1,500,,https://img.atwikiimg.com/www65.atwiki.jp/battle-operation2/attach/1615/2906/RX-80PR_space.png,https://w.atwiki.jp/battle-operation2/pages/1615.html,0,0
,ペイルライダー・キャバルリー,1,2,1,1,350,,https://img.atwikiimg.com/www65.atwiki.jp/battle-operation2/attach/1709/2964/img_hsja84h6.png,https://w.atwiki.jp/battle-operation2/pages/1709.html,0,0
,ペイルライダー・キャバルリー,2,2,1,1,400,,https://img.atwikiimg.com/www65.atwiki.jp/battle-operation2/attach/1709/2964/img_hsja84h6.png,https://w.atwiki.jp/battle-operation2/pages/1709.html,0,0
,ジーライン・スタンダードアーマー,1,2,1,1,400,,https://img.atwikiimg.com/www65.atwiki.jp/battle-operation2/attach/1469/2828/img_lptrcqv5.png,https://w.atwiki.jp/battle-operation2/pages/1469.html,0,0
,ジーライン・スタンダードアーマー,2,2,1,1,450,,https://img.atwikiimg.com/www65.atwiki.jp/battle-operation2/attach/1469/2828/img_lptrcqv5.png,https://w.atwiki.jp/battle-operation2/pages/1469.html,0,0
,ジーライン・スタンダードアーマー,3,2,1,1,500,,https://img.atwikiimg.com/www65.atwiki.jp/battle-operation2/attach/1469/2828/img_lptrcqv5.png,https://w.atwiki.jp/battle-operation2/pages/1469.html,0,0
,ジーライン・スタンダードアーマー,4,2,1,1,550,,https://img.atwikiimg.com/www65.atwiki.jp/battle-operation2/attach/1469/2828/img_lptrcqv5.png,https://w.atwiki.jp/battle-operation2/pages/1469.html,0,0
,ガンダム試作1号機,1,2,1,0,550,,https://img.atwikiimg.com/www65.atwiki.jp/battle-operation2/attach/1479/2846/img_islcgtp4.png,https://w.atwiki.jp/battle-operation2/pages/1479.html,0,0
,ガンダム試作1号機,2,2,1,0,600,,https://img.atwikiimg.com/www65.atwiki.jp/battle-operation2/attach/1479/2846/img_islcgtp4.png,https://w.atwiki.jp/battle-operation2/pages/1479.html,0,0
,ガンダム試作1号機,3,2,1,0,650,,https://img.atwikiimg.com/www65.atwiki.jp/battle-operation2/attach/1479/2846/img_islcgtp4.png,https://w.atwiki.jp/battle-operation2/pages/1479.html,0,0
,ガンダム試作1号機Fb,1,2,0,1,550,,https://img.atwikiimg.com/www65.atwiki.jp/battle-operation2/attach/1574/2893/img_gtf3bf3.png,https://w.atwiki.jp/battle-operation2/pages/1574.html,0,0
,ガンダム試作1号機Fb,2,2,0,1,600,,https://img.atwikiimg.com/www65.atwiki.jp/battle-operation2/attach/1574/2893/img_gtf3bf3.png,https://w.atwiki.jp/battle-operation2/pages/1574.html,0,0
,ガンダム試作1号機Fb,3,2,0,1,650,,https://img.atwikiimg.com/www65.atwiki.jp/battle-operation2/attach/1574/2893/img_gtf3bf3.png,https://w.atwiki.jp/battle-operation2/pages/1574.html,0,0
,ガンダム試作3号機ステイメン,1,2,1,1,550,,https://img.atwikiimg.com/www65.atwiki.jp/battle-operation2/attach/1515/2861/img_lmsp8tq1.png,https://w.atwiki.jp/battle-operation2/pages/1515.html,0,0
,ガンダム試作3号機ステイメン,2,2,1,1,600,,https://img.atwikiimg.com/www65.atwiki.jp/battle-operation2/attach/1515/2861/img_lmsp8tq1.png,https://w.atwiki.jp/battle-operation2/pages/1515.html,0,0
,ガンダム試作3号機ステイメン,3,2,1,1,650,,https://img.atwikiimg.com/www65.atwiki.jp/battle-operation2/attach/1515/2861/img_lmsp8tq1.png,https://w.atwiki.jp/battle-operation2/pages/1515.html,0,0
,ヅダF,1,2,1,1,400,,https://img.atwikiimg.com/www65.atwiki.jp/battle-operation2/attach/1687/2952/img_rz34pu2g.png,https://w.atwiki.jp/battle-operation2/pages/1687.html,0,0
,ヅダF,2,2,1,1,450,,https://img.atwikiimg.com/www65.atwiki.jp/battle-operation2/attach/1687/2952/img_rz34pu2g.png,https://w.atwiki.jp/battle-operation2/pages/1687.html,0,0
,ザクⅠ（GS）,1,2,1,0,300,,https://img.atwikiimg.com/www65.atwiki.jp/battle-operation2/attach/953/2201/img_tfnkdf7w.png,https://w.atwiki.jp/battle-operation2/pages/953.html,0,0
,ザクⅠ（GS）,2,2,1,0,350,,https://img.atwikiimg.com/www65.atwiki.jp/battle-operation2/attach/953/2201/img_tfnkdf7w.png,https://w.atwiki.jp/battle-operation2/pages/953.html,0,0
,ザクⅠ（GS）,3,2,1,0,400,,https://img.atwikiimg.com/www65.atwiki.jp/battle-operation2/attach/953/2201/img_tfnkdf7w.png,https://w.atwiki.jp/battle-operation2/pages/953.html,0,0
,ザクⅡ,1,2,1,1,100,,https://img.atwikiimg.com/www65.atwiki.jp/battle-operation2/attach/343/1627/ms_MS-06F.png,https://w.atwiki.jp/battle-operation2/pages/343.html,0,0
,ザクⅡ,2,2,1,1,150,,https://img.atwikiimg.com/www65.atwiki.jp/battle-operation2/attach/343/1627/ms_MS-06F.png,https://w.atwiki.jp/battle-operation2/pages/343.html,0,0
,ザクⅡ,3,2,1,1,200,,https://img.atwikiimg.com/www65.atwiki.jp/battle-operation2/attach/343/1627/ms_MS-06F.png,https://w.atwiki.jp/battle-operation2/pages/343.html,0,0
,ザクⅡ,4,2,1,1,250,,https://img.atwikiimg.com/www65.atwiki.jp/battle-operation2/attach/343/1627/ms_MS-06F.png,https://w.atwiki.jp/battle-operation2/pages/343.html,0,0
,ザクⅡ,5,2,1,1,300,,https://img.atwikiimg.com/www65.atwiki.jp/battle-operation2/attach/343/1627/ms_MS-06F.png,https://w.atwiki.jp/battle-operation2/pages/343.html,0,0
,ザク強行偵察型,1,2,1,1,200,,https://img.atwikiimg.com/www65.atwiki.jp/battle-operation2/attach/1617/2924/img_5s9byjt3.png,https://w.atwiki.jp/battle-operation2/pages/1617.html,0,0
,ザク強行偵察型,2,2,1,1,250,,https://img.atwikiimg.com/www65.atwiki.jp/battle-operation2/attach/1617/2924/img_5s9byjt3.png,https://w.atwiki.jp/battle-operation2/pages/1617.html,0,0
,ザク強行偵察型,3,2,1,1,300,,https://img.atwikiimg.com/www65.atwiki.jp/battle-operation2/attach/1617/2924/img_5s9byjt3.png,https://w.atwiki.jp/battle-operation2/pages/1617.html,0,0
,ザク・マインレイヤー,1,2,0,1,200,,https://img.atwikiimg.com/www65.atwiki.jp/battle-operation2/attach/1436/2815/img_di61m3xc.png,https://w.atwiki.jp/battle-operation2/pages/1436.html,0,0
,ザク・マインレイヤー,2,2,0,1,250,,https://img.atwikiimg.com/www65.atwiki.jp/battle-operation2/attach/1436/2815/img_di61m3xc.png,https://w.atwiki.jp/battle-operation2/pages/1436.html,0,0
,ザク・マインレイヤー,3,2,0,1,300,,https://img.atwikiimg.com/www65.atwiki.jp/battle-operation2/attach/1436/2815/img_di61m3xc.png,https://w.atwiki.jp/battle-operation2/pages/1436.html,0,0
,ザク・マインレイヤー,4,2,0,1,350,,https://img.atwikiimg.com/www65.atwiki.jp/battle-operation2/attach/1436/2815/img_di61m3xc.png,https://w.atwiki.jp/battle-operation2/pages/1436.html,0,0
,ザクⅡS型,1,2,1,1,200,,https://img.atwikiimg.com/www65.atwiki.jp/battle-operation2/attach/548/1679/img_t4ed7cop.png,https://w.atwiki.jp/battle-operation2/pages/548.html,0,0
,ザクⅡS型,2,2,1,1,250,,https://img.atwikiimg.com/www65.atwiki.jp/battle-operation2/attach/548/1679/img_t4ed7cop.png,https://w.atwiki.jp/battle-operation2/pages/548.html,0,0
,ザクⅡS型,3,2,1,1,300,,https://img.atwikiimg.com/www65.atwiki.jp/battle-operation2/attach/548/1679/img_t4ed7cop.png,https://w.atwiki.jp/battle-operation2/pages/548.html,0,0
,ザクⅡS型,4,2,1,1,350,,https://img.atwikiimg.com/www65.atwiki.jp/battle-operation2/attach/548/1679/img_t4ed7cop.png,https://w.atwiki.jp/battle-operation2/pages/548.html,0,0
,ザクⅡFS型,1,2,1,0,150,,https://img.atwikiimg.com/www65.atwiki.jp/battle-operation2/attach/366/1677/img_g3hqk4pj.png,https://w.atwiki.jp/battle-operation2/pages/366.html,0,0
,ザクⅡFS型,2,2,1,0,200,,https://img.atwikiimg.com/www65.atwiki.jp/battle-operation2/attach/366/1677/img_g3hqk4pj.png,https://w.atwiki.jp/battle-operation2/pages/366.html,0,0
,ザクⅡFS型,3,2,1,0,250,,https://img.atwikiimg.com/www65.atwiki.jp/battle-operation2/attach/366/1677/img_g3hqk4pj.png,https://w.atwiki.jp/battle-operation2/pages/366.html,0,0
,ザクⅡFS型,4,2,1,0,300,,https://img.atwikiimg.com/www65.atwiki.jp/battle-operation2/attach/366/1677/img_g3hqk4pj.png,https://w.atwiki.jp/battle-operation2/pages/366.html,0,0
,ザクⅡFS型,5,2,1,0,350,,https://img.atwikiimg.com/www65.atwiki.jp/battle-operation2/attach/366/1677/img_g3hqk4pj.png,https://w.atwiki.jp/battle-operation2/pages/366.html,0,0
,ザクⅡFS型,6,2,1,0,400,,https://img.atwikiimg.com/www65.atwiki.jp/battle-operation2/attach/366/1677/img_g3hqk4pj.png,https://w.atwiki.jp/battle-operation2/pages/366.html,0,0
,ザク・デザートタイプ,1,2,1,0,200,,https://img.atwikiimg.com/www65.atwiki.jp/battle-operation2/attach/811/1954/img_q4z3etk2.png,https://w.atwiki.jp/battle-operation2/pages/811.html,0,0
,ザク・デザートタイプ,2,2,1,0,250,,https://img.atwikiimg.com/www65.atwiki.jp/battle-operation2/attach/811/1954/img_q4z3etk2.png,https://w.atwiki.jp/battle-operation2/pages/811.html,0,0
,ザク・デザートタイプ,3,2,1,0,300,,https://img.atwikiimg.com/www65.atwiki.jp/battle-operation2/attach/811/1954/img_q4z3etk2.png,https://w.atwiki.jp/battle-operation2/pages/811.html,0,0
,ザク・デザートタイプ,4,2,1,0,350,,https://img.atwikiimg.com/www65.atwiki.jp/battle-operation2/attach/811/1954/img_q4z3etk2.png,https://w.atwiki.jp/battle-operation2/pages/811.html,0,0
,ザク・マリンタイプ,1,2,1,0,250,,https://img.atwikiimg.com/www65.atwiki.jp/battle-operation2/attach/2720/3408/img_z84opdu2.png,https://w.atwiki.jp/battle-operation2/pages/2720.html,0,0
,ザク・マリンタイプ,2,2,1,0,300,,https://img.atwikiimg.com/www65.atwiki.jp/battle-operation2/attach/2720/3408/img_z84opdu2.png,https://w.atwiki.jp/battle-operation2/pages/2720.html,0,0
,ザク・マリンタイプ,3,2,1,0,350,,https://img.atwikiimg.com/www65.atwiki.jp/battle-operation2/attach/2720/3408/img_z84opdu2.png,https://w.atwiki.jp/battle-operation2/pages/2720.html,0,0
,陸戦高機動型ザク,1,2,1,0,300,,https://img.atwikiimg.com/www65.atwiki.jp/battle-operation2/attach/874/2035/img_bzifkpbd.png,https://w.atwiki.jp/battle-operation2/pages/874.html,0,0
,陸戦高機動型ザク,2,2,1,0,350,,https://img.atwikiimg.com/www65.atwiki.jp/battle-operation2/attach/874/2035/img_bzifkpbd.png,https://w.atwiki.jp/battle-operation2/pages/874.html,0,0
,陸戦高機動型ザク,3,2,1,0,400,,https://img.atwikiimg.com/www65.atwiki.jp/battle-operation2/attach/874/2035/img_bzifkpbd.png,https://w.atwiki.jp/battle-operation2/pages/874.html,0,0
,ザクⅡ後期型,1,2,1,1,300,,https://img.atwikiimg.com/www65.atwiki.jp/battle-operation2/attach/835/1989/img_piaqju7f.png,https://w.atwiki.jp/battle-operation2/pages/835.html,0,0
,ザクⅡ後期型,2,2,1,1,350,,https://img.atwikiimg.com/www65.atwiki.jp/battle-operation2/attach/835/1989/img_piaqju7f.png,https://w.atwiki.jp/battle-operation2/pages/835.html,0,0
,ザクⅡ後期型,3,2,1,1,400,,https://img.atwikiimg.com/www65.atwiki.jp/battle-operation2/attach/835/1989/img_piaqju7f.png,https://w.atwiki.jp/battle-operation2/pages/835.html,0,0
,ザクⅡ改,1,2,1,1,250,,https://img.atwikiimg.com/www65.atwiki.jp/battle-operation2/attach/380/1628/ms_MS-06FZ.png,https://w.atwiki.jp/battle-operation2/pages/380.html,0,0
,ザクⅡ改,2,2,1,1,300,,https://img.atwikiimg.com/www65.atwiki.jp/battle-operation2/attach/380/1628/ms_MS-06FZ.png,https://w.atwiki.jp/battle-operation2/pages/380.html,0,0
,ザクⅡ改,3,2,1,1,350,,https://img.atwikiimg.com/www65.atwiki.jp/battle-operation2/attach/380/1628/ms_MS-06FZ.png,https://w.atwiki.jp/battle-operation2/pages/380.html,0,0
,ザクⅡ改,4,2,1,1,400,,https://img.atwikiimg.com/www65.atwiki.jp/battle-operation2/attach/380/1628/ms_MS-06FZ.png,https://w.atwiki.jp/battle-operation2/pages/380.html,0,0
,ザクⅡ改［フリッツヘルム仕様］,1,2,1,1,300,,https://img.atwikiimg.com/www65.atwiki.jp/battle-operation2/attach/907/2123/img_2lm5seeg.png,https://w.atwiki.jp/battle-operation2/pages/907.html,0,0
,ザクⅡ改［フリッツヘルム仕様］,2,2,1,1,350,,https://img.atwikiimg.com/www65.atwiki.jp/battle-operation2/attach/907/2123/img_2lm5seeg.png,https://w.atwiki.jp/battle-operation2/pages/907.html,0,0
,ザクⅡ改［フリッツヘルム仕様］,3,2,1,1,400,,https://img.atwikiimg.com/www65.atwiki.jp/battle-operation2/attach/907/2123/img_2lm5seeg.png,https://w.atwiki.jp/battle-operation2/pages/907.html,0,0
,高機動型ザク,1,2,1,1,300,,https://img.atwikiimg.com/www65.atwiki.jp/battle-operation2/attach/118/10/MS06R1A_01.jpg,https://w.atwiki.jp/battle-operation2/pages/118.html,0,0
,高機動型ザク,2,2,1,1,350,,https://img.atwikiimg.com/www65.atwiki.jp/battle-operation2/attach/118/10/MS06R1A_01.jpg,https://w.atwiki.jp/battle-operation2/pages/118.html,0,0
,高機動型ザク,3,2,1,1,400,,https://img.atwikiimg.com/www65.atwiki.jp/battle-operation2/attach/118/10/MS06R1A_01.jpg,https://w.atwiki.jp/battle-operation2/pages/118.html,0,0
,高機動型ザク後期型,1,2,1,1,400,,https://img.atwikiimg.com/www65.atwiki.jp/battle-operation2/attach/700/1852/img_xfsb8knv.png,https://w.atwiki.jp/battle-operation2/pages/700.html,0,0
,高機動型ザク後期型,2,2,1,1,450,,https://img.atwikiimg.com/www65.atwiki.jp/battle-operation2/attach/700/1852/img_xfsb8knv.png,https://w.atwiki.jp/battle-operation2/pages/700.html,0,0
,高機動型ザク後期型,3,2,1,1,500,,https://img.atwikiimg.com/www65.atwiki.jp/battle-operation2/attach/700/1852/img_xfsb8knv.png,https://w.atwiki.jp/battle-operation2/pages/700.html,0,0
,サイコ・ザク【TB】,1,2,0,1,500,,https://img.atwikiimg.com/www65.atwiki.jp/battle-operation2/attach/541/1670/img_y0vs3gb4.png,https://w.atwiki.jp/battle-operation2/pages/541.html,0,0
,サイコ・ザク【TB】,2,2,0,1,550,,https://img.atwikiimg.com/www65.atwiki.jp/battle-operation2/attach/541/1670/img_y0vs3gb4.png,https://w.atwiki.jp/battle-operation2/pages/541.html,0,0
,グフ（VD）,1,2,1,0,300,,https://img.atwikiimg.com/www65.atwiki.jp/battle-operation2/attach/1128/2358/img_r7ydwivj.png,https://w.atwiki.jp/battle-operation2/pages/1128.html,0,0
,グフ（VD）,2,2,1,0,350,,https://img.atwikiimg.com/www65.atwiki.jp/battle-operation2/attach/1128/2358/img_r7ydwivj.png,https://w.atwiki.jp/battle-operation2/pages/1128.html,0,0
,グフ（VD）,3,2,1,0,400,,https://img.atwikiimg.com/www65.atwiki.jp/battle-operation2/attach/1128/2358/img_r7ydwivj.png,https://w.atwiki.jp/battle-operation2/pages/1128.html,0,0
,グフ飛行試験型,1,2,1,0,350,,https://img.atwikiimg.com/www65.atwiki.jp/battle-operation2/attach/1732/2991/img_ch59a5op.png,https://w.atwiki.jp/battle-operation2/pages/1732.html,0,0
,グフ飛行試験型,2,2,1,0,400,,https://img.atwikiimg.com/www65.atwiki.jp/battle-operation2/attach/1732/2991/img_ch59a5op.png,https://w.atwiki.jp/battle-operation2/pages/1732.html,0,0
,ゲム・カモフ,1,2,1,1,200,,https://img.atwikiimg.com/www65.atwiki.jp/battle-operation2/attach/1374/2782/img_hrpxmfhx.png,https://w.atwiki.jp/battle-operation2/pages/1374.html,0,0
,ゲム・カモフ,2,2,1,1,250,,https://img.atwikiimg.com/www65.atwiki.jp/battle-operation2/attach/1374/2782/img_hrpxmfhx.png,https://w.atwiki.jp/battle-operation2/pages/1374.html,0,0
,ゲム・カモフ,3,2,1,1,300,,https://img.atwikiimg.com/www65.atwiki.jp/battle-operation2/attach/1374/2782/img_hrpxmfhx.png,https://w.atwiki.jp/battle-operation2/pages/1374.html,0,0
,ゲム・カモフ,4,2,1,1,350,,https://img.atwikiimg.com/www65.atwiki.jp/battle-operation2/attach/1374/2782/img_hrpxmfhx.png,https://w.atwiki.jp/battle-operation2/pages/1374.html,0,0
,ゲム・カモフ,5,2,1,1,400,,https://img.atwikiimg.com/www65.atwiki.jp/battle-operation2/attach/1374/2782/img_hrpxmfhx.png,https://w.atwiki.jp/battle-operation2/pages/1374.html,0,0
,ゾゴック,1,2,1,0,350,,https://img.atwikiimg.com/www65.atwiki.jp/battle-operation2/attach/910/2107/zogok_01.png,https://w.atwiki.jp/battle-operation2/pages/910.html,0,0
,ゾゴック,2,2,1,0,400,,https://img.atwikiimg.com/www65.atwiki.jp/battle-operation2/attach/910/2107/zogok_01.png,https://w.atwiki.jp/battle-operation2/pages/910.html,0,0
,ゾゴック,3,2,1,0,450,,https://img.atwikiimg.com/www65.atwiki.jp/battle-operation2/attach/910/2107/zogok_01.png,https://w.atwiki.jp/battle-operation2/pages/910.html,0,0
,ゾゴック,4,2,1,0,500,,https://img.atwikiimg.com/www65.atwiki.jp/battle-operation2/attach/910/2107/zogok_01.png,https://w.atwiki.jp/battle-operation2/pages/910.html,0,0
,ハイゴッグ,1,2,1,0,350,,https://img.atwikiimg.com/www65.atwiki.jp/battle-operation2/attach/767/1918/img_z8110wq2.png,https://w.atwiki.jp/battle-operation2/pages/767.html,0,0
,ハイゴッグ,2,2,1,0,400,,https://img.atwikiimg.com/www65.atwiki.jp/battle-operation2/attach/767/1918/img_z8110wq2.png,https://w.atwiki.jp/battle-operation2/pages/767.html,0,0
,ハイゴッグ,3,2,1,0,450,,https://img.atwikiimg.com/www65.atwiki.jp/battle-operation2/attach/767/1918/img_z8110wq2.png,https://w.atwiki.jp/battle-operation2/pages/767.html,0,0
,ハイゴッグ,4,2,1,0,500,,https://img.atwikiimg.com/www65.atwiki.jp/battle-operation2/attach/767/1918/img_z8110wq2.png,https://w.atwiki.jp/battle-operation2/pages/767.html,0,0
,イフリート,1,2,1,0,300,,https://img.atwikiimg.com/www65.atwiki.jp/battle-operation2/attach/713/1865/img_idwyfe8s.png,https://w.atwiki.jp/battle-operation2/pages/713.html,0,0
,イフリート,2,2,1,0,350,,https://img.atwikiimg.com/www65.atwiki.jp/battle-operation2/attach/713/1865/img_idwyfe8s.png,https://w.atwiki.jp/battle-operation2/pages/713.html,0,0
,イフリート,3,2,1,0,400,,https://img.atwikiimg.com/www65.atwiki.jp/battle-operation2/attach/713/1865/img_idwyfe8s.png,https://w.atwiki.jp/battle-operation2/pages/713.html,0,0
,イフリート,4,2,1,0,450,,https://img.atwikiimg.com/www65.atwiki.jp/battle-operation2/attach/713/1865/img_idwyfe8s.png,https://w.atwiki.jp/battle-operation2/pages/713.html,0,0
,ドム,1,2,1,0,300,,https://img.atwikiimg.com/www65.atwiki.jp/battle-operation2/attach/120/12/DOM_01.jpg,https://w.atwiki.jp/battle-operation2/pages/120.html,0,0
,ドム,2,2,1,0,350,,https://img.atwikiimg.com/www65.atwiki.jp/battle-operation2/attach/120/12/DOM_01.jpg,https://w.atwiki.jp/battle-operation2/pages/120.html,0,0
,ドム,3,2,1,0,400,,https://img.atwikiimg.com/www65.atwiki.jp/battle-operation2/attach/120/12/DOM_01.jpg,https://w.atwiki.jp/battle-operation2/pages/120.html,0,0
,ドム,4,2,1,0,450,,https://img.atwikiimg.com/www65.atwiki.jp/battle-operation2/attach/120/12/DOM_01.jpg,https://w.atwiki.jp/battle-operation2/pages/120.html,0,0
,ドム・トロピカルテストタイプ,1,2,1,0,300,,https://img.atwikiimg.com/www65.atwiki.jp/battle-operation2/attach/2199/3187/img_w2fbasr9.png,https://w.atwiki.jp/battle-operation2/pages/2199.html,0,0
,ドム・トロピカルテストタイプ,2,2,1,0,350,,https://img.atwikiimg.com/www65.atwiki.jp/battle-operation2/attach/2199/3187/img_w2fbasr9.png,https://w.atwiki.jp/battle-operation2/pages/2199.html,0,0
,リック・ドム,1,2,0,1,300,,https://img.atwikiimg.com/www65.atwiki.jp/battle-operation2/attach/122/14/R_DOM_01.jpg,https://w.atwiki.jp/battle-operation2/pages/122.html,0,0
,リック・ドム,2,2,0,1,350,,https://img.atwikiimg.com/www65.atwiki.jp/battle-operation2/attach/122/14/R_DOM_01.jpg,https://w.atwiki.jp/battle-operation2/pages/122.html,0,0
,リック・ドム,3,2,0,1,400,,https://img.atwikiimg.com/www65.atwiki.jp/battle-operation2/attach/122/14/R_DOM_01.jpg,https://w.atwiki.jp/battle-operation2/pages/122.html,0,0
,リック・ドム,4,2,0,1,450,,https://img.atwikiimg.com/www65.atwiki.jp/battle-operation2/attach/122/14/R_DOM_01.jpg,https://w.atwiki.jp/battle-operation2/pages/122.html,0,0
,リック・ドムⅡ,1,2,1,1,350,,https://img.atwikiimg.com/www65.atwiki.jp/battle-operation2/attach/1249/2620/img_xzf5yqvt.png,https://w.atwiki.jp/battle-operation2/pages/1249.html,0,0
,リック・ドムⅡ,2,2,1,1,400,,https://img.atwikiimg.com/www65.atwiki.jp/battle-operation2/attach/1249/2620/img_xzf5yqvt.png,https://w.atwiki.jp/battle-operation2/pages/1249.html,0,0
,リック・ドムⅡ,3,2,1,1,450,,https://img.atwikiimg.com/www65.atwiki.jp/battle-operation2/attach/1249/2620/img_xzf5yqvt.png,https://w.atwiki.jp/battle-operation2/pages/1249.html,0,0
,ドム・トローペン,1,2,1,0,350,,https://img.atwikiimg.com/www65.atwiki.jp/battle-operation2/attach/333/1440/dom_tropen.jpg,https://w.atwiki.jp/battle-operation2/pages/333.html,0,0
,ドム・トローペン,2,2,1,0,400,,https://img.atwikiimg.com/www65.atwiki.jp/battle-operation2/attach/333/1440/dom_tropen.jpg,https://w.atwiki.jp/battle-operation2/pages/333.html,0,0
,ドム・トローペン,3,2,1,0,450,,https://img.atwikiimg.com/www65.atwiki.jp/battle-operation2/attach/333/1440/dom_tropen.jpg,https://w.atwiki.jp/battle-operation2/pages/333.html,0,0
,ドム・トローペン,4,2,1,0,500,,https://img.atwikiimg.com/www65.atwiki.jp/battle-operation2/attach/333/1440/dom_tropen.jpg,https://w.atwiki.jp/battle-operation2/pages/333.html,0,0
,ペズン・ドワッジ,1,2,1,1,400,,https://img.atwikiimg.com/www65.atwiki.jp/battle-operation2/attach/1063/2311/img_zz75jgcj.png,https://w.atwiki.jp/battle-operation2/pages/1063.html,0,0
,ペズン・ドワッジ,2,2,1,1,450,,https://img.atwikiimg.com/www65.atwiki.jp/battle-operation2/attach/1063/2311/img_zz75jgcj.png,https://w.atwiki.jp/battle-operation2/pages/1063.html,0,0
,ペズン・ドワッジ,3,2,1,1,500,,https://img.atwikiimg.com/www65.atwiki.jp/battle-operation2/attach/1063/2311/img_zz75jgcj.png,https://w.atwiki.jp/battle-operation2/pages/1063.html,0,0
,ペズン・ドワッジ,4,2,1,1,550,,https://img.atwikiimg.com/www65.atwiki.jp/battle-operation2/attach/1063/2311/img_zz75jgcj.png,https://w.atwiki.jp/battle-operation2/pages/1063.html,0,0
,ペズン・ドワッジ,5,2,1,1,600,,https://img.atwikiimg.com/www65.atwiki.jp/battle-operation2/attach/1063/2311/img_zz75jgcj.png,https://w.atwiki.jp/battle-operation2/pages/1063.html,0,0
,アクト・ザク,1,2,1,1,350,,https://img.atwikiimg.com/www65.atwiki.jp/battle-operation2/attach/1031/2229/img_pn7pnfa4.png,https://w.atwiki.jp/battle-operation2/pages/1031.html,0,0
,アクト・ザク,2,2,1,1,400,,https://img.atwikiimg.com/www65.atwiki.jp/battle-operation2/attach/1031/2229/img_pn7pnfa4.png,https://w.atwiki.jp/battle-operation2/pages/1031.html,0,0
,アクト・ザク,3,2,1,1,450,,https://img.atwikiimg.com/www65.atwiki.jp/battle-operation2/attach/1031/2229/img_pn7pnfa4.png,https://w.atwiki.jp/battle-operation2/pages/1031.html,0,0
,ガッシャ,1,2,1,1,350,,https://img.atwikiimg.com/www65.atwiki.jp/battle-operation2/attach/1064/2313/img_sqdlr1ps.png,https://w.atwiki.jp/battle-operation2/pages/1064.html,0,0
,ガッシャ,2,2,1,1,400,,https://img.atwikiimg.com/www65.atwiki.jp/battle-operation2/attach/1064/2313/img_sqdlr1ps.png,https://w.atwiki.jp/battle-operation2/pages/1064.html,0,0
,ガッシャ,3,2,1,1,450,,https://img.atwikiimg.com/www65.atwiki.jp/battle-operation2/attach/1064/2313/img_sqdlr1ps.png,https://w.atwiki.jp/battle-operation2/pages/1064.html,0,0
,ガッシャ,4,2,1,1,500,,https://img.atwikiimg.com/www65.atwiki.jp/battle-operation2/attach/1064/2313/img_sqdlr1ps.png,https://w.atwiki.jp/battle-operation2/pages/1064.html,0,0
,ゲルググ,1,2,1,1,350,,https://img.atwikiimg.com/www65.atwiki.jp/battle-operation2/attach/567/1994/img_ol30j5q6.png,https://w.atwiki.jp/battle-operation2/pages/567.html,0,0
,ゲルググ,2,2,1,1,400,,https://img.atwikiimg.com/www65.atwiki.jp/battle-operation2/attach/567/1994/img_ol30j5q6.png,https://w.atwiki.jp/battle-operation2/pages/567.html,0,0
,先行量産型ゲルググ,1,2,1,1,400,,https://img.atwikiimg.com/www65.atwiki.jp/battle-operation2/attach/151/23/gelgoog_s_01.jpg,https://w.atwiki.jp/battle-operation2/pages/151.html,0,0
,先行量産型ゲルググ,2,2,1,1,450,,https://img.atwikiimg.com/www65.atwiki.jp/battle-operation2/attach/151/23/gelgoog_s_01.jpg,https://w.atwiki.jp/battle-operation2/pages/151.html,0,0
,先行量産型ゲルググ,3,2,1,1,500,,https://img.atwikiimg.com/www65.atwiki.jp/battle-operation2/attach/151/23/gelgoog_s_01.jpg,https://w.atwiki.jp/battle-operation2/pages/151.html,0,0
,先行量産型ゲルググ,4,2,1,1,550,,https://img.atwikiimg.com/www65.atwiki.jp/battle-operation2/attach/151/23/gelgoog_s_01.jpg,https://w.atwiki.jp/battle-operation2/pages/151.html,0,0
,先行量産型ゲルググ,5,2,1,1,600,,https://img.atwikiimg.com/www65.atwiki.jp/battle-operation2/attach/151/23/gelgoog_s_01.jpg,https://w.atwiki.jp/battle-operation2/pages/151.html,0,0
,陸戦型ゲルググ（VD）,1,2,1,0,400,,https://img.atwikiimg.com/www65.atwiki.jp/battle-operation2/attach/1201/2445/img_jpy6vfg8.png,https://w.atwiki.jp/battle-operation2/pages/1201.html,0,0
,陸戦型ゲルググ（VD）,2,2,1,0,450,,https://img.atwikiimg.com/www65.atwiki.jp/battle-operation2/attach/1201/2445/img_jpy6vfg8.png,https://w.atwiki.jp/battle-operation2/pages/1201.html,0,0
,陸戦型ゲルググ（VD）,3,2,1,0,500,,https://img.atwikiimg.com/www65.atwiki.jp/battle-operation2/attach/1201/2445/img_jpy6vfg8.png,https://w.atwiki.jp/battle-operation2/pages/1201.html,0,0
,高機動型ゲルググ,1,2,1,1,450,,https://img.atwikiimg.com/www65.atwiki.jp/battle-operation2/attach/858/2014/img_ukaxhupg.png,https://w.atwiki.jp/battle-operation2/pages/858.html,0,0
,高機動型ゲルググ,2,2,1,1,500,,https://img.atwikiimg.com/www65.atwiki.jp/battle-operation2/attach/858/2014/img_ukaxhupg.png,https://w.atwiki.jp/battle-operation2/pages/858.html,0,0
,高機動型ゲルググ,3,2,1,1,550,,https://img.atwikiimg.com/www65.atwiki.jp/battle-operation2/attach/858/2014/img_ukaxhupg.png,https://w.atwiki.jp/battle-operation2/pages/858.html,0,0
,高機動型ゲルググ,4,2,1,1,600,,https://img.atwikiimg.com/www65.atwiki.jp/battle-operation2/attach/858/2014/img_ukaxhupg.png,https://w.atwiki.jp/battle-operation2/pages/858.html,0,0
,高機動型ゲルググ,5,2,1,1,650,,https://img.atwikiimg.com/www65.atwiki.jp/battle-operation2/attach/858/2014/img_ukaxhupg.png,https://w.atwiki.jp/battle-operation2/pages/858.html,0,0
,高機動型ゲルググ（UL）,1,2,1,1,450,,https://img.atwikiimg.com/www65.atwiki.jp/battle-operation2/attach/1723/2973/img_hd1d5hdf.png,https://w.atwiki.jp/battle-operation2/pages/1723.html,0,0
,高機動型ゲルググ（UL）,2,2,1,1,500,,https://img.atwikiimg.com/www65.atwiki.jp/battle-operation2/attach/1723/2973/img_hd1d5hdf.png,https://w.atwiki.jp/battle-operation2/pages/1723.html,0,0
,高機動型ゲルググ（UL）,3,2,1,1,550,,https://img.atwikiimg.com/www65.atwiki.jp/battle-operation2/attach/1723/2973/img_hd1d5hdf.png,https://w.atwiki.jp/battle-operation2/pages/1723.html,0,0
,高機動型ゲルググ（VG）,1,2,1,1,450,,https://img.atwikiimg.com/www65.atwiki.jp/battle-operation2/attach/1323/2728/img_xt8ddrvn.png,https://w.atwiki.jp/battle-operation2/pages/1323.html,0,0
,高機動型ゲルググ（VG）,2,2,1,1,500,,https://img.atwikiimg.com/www65.atwiki.jp/battle-operation2/attach/1323/2728/img_xt8ddrvn.png,https://w.atwiki.jp/battle-operation2/pages/1323.html,0,0
,ゲルググM指揮官機,1,2,1,1,450,,https://img.atwikiimg.com/www65.atwiki.jp/battle-operation2/attach/1535/2870/img_gl11g90.png,https://w.atwiki.jp/battle-operation2/pages/1535.html,0,0
,ゲルググM指揮官機,2,2,1,1,500,,https://img.atwikiimg.com/www65.atwiki.jp/battle-operation2/attach/1535/2870/img_gl11g90.png,https://w.atwiki.jp/battle-operation2/pages/1535.html,0,0
,ゲルググM指揮官機,3,2,1,1,550,,https://img.atwikiimg.com/www65.atwiki.jp/battle-operation2/attach/1535/2870/img_gl11g90.png,https://w.atwiki.jp/battle-operation2/pages/1535.html,0,0
,ゲルググM指揮官機,4,2,1,1,600,,https://img.atwikiimg.com/www65.atwiki.jp/battle-operation2/attach/1535/2870/img_gl11g90.png,https://w.atwiki.jp/battle-operation2/pages/1535.html,0,0
,ギャン・エーオース,1,2,1,1,400,,https://img.atwikiimg.com/www65.atwiki.jp/battle-operation2/attach/1267/2680/img_71va8gvo.png,https://w.atwiki.jp/battle-operation2/pages/1267.html,0,0
,ギャン・エーオース,2,2,1,1,450,,https://img.atwikiimg.com/www65.atwiki.jp/battle-operation2/attach/1267/2680/img_71va8gvo.png,https://w.atwiki.jp/battle-operation2/pages/1267.html,0,0
,ギャン・エーオース,3,2,1,1,500,,https://img.atwikiimg.com/www65.atwiki.jp/battle-operation2/attach/1267/2680/img_71va8gvo.png,https://w.atwiki.jp/battle-operation2/pages/1267.html,0,0
,ガルバルディα,1,2,1,1,400,,https://img.atwikiimg.com/www65.atwiki.jp/battle-operation2/attach/1166/2418/img_lk7upxp4.png,https://w.atwiki.jp/battle-operation2/pages/1166.html,0,0
,ガルバルディα,2,2,1,1,450,,https://img.atwikiimg.com/www65.atwiki.jp/battle-operation2/attach/1166/2418/img_lk7upxp4.png,https://w.atwiki.jp/battle-operation2/pages/1166.html,0,0
,ガルバルディα,3,2,1,1,500,,https://img.atwikiimg.com/www65.atwiki.jp/battle-operation2/attach/1166/2418/img_lk7upxp4.png,https://w.atwiki.jp/battle-operation2/pages/1166.html,0,0
,ガルバルディα,4,2,1,1,550,,https://img.atwikiimg.com/www65.atwiki.jp/battle-operation2/attach/1166/2418/img_lk7upxp4.png,https://w.atwiki.jp/battle-operation2/pages/1166.html,0,0
,ケンプファー,1,2,1,1,450,,https://img.atwikiimg.com/www65.atwiki.jp/battle-operation2/attach/957/2168/img_beu7b9m7l.png,https://w.atwiki.jp/battle-operation2/pages/957.html,0,0
,ケンプファー,2,2,1,1,500,,https://img.atwikiimg.com/www65.atwiki.jp/battle-operation2/attach/957/2168/img_beu7b9m7l.png,https://w.atwiki.jp/battle-operation2/pages/957.html,0,0
,ケンプファー,3,2,1,1,550,,https://img.atwikiimg.com/www65.atwiki.jp/battle-operation2/attach/957/2168/img_beu7b9m7l.png,https://w.atwiki.jp/battle-operation2/pages/957.html,0,0
,ケンプファー,4,2,1,1,600,,https://img.atwikiimg.com/www65.atwiki.jp/battle-operation2/attach/957/2168/img_beu7b9m7l.png,https://w.atwiki.jp/battle-operation2/pages/957.html,0,0
,ジオング,1,2,0,1,550,,https://img.atwikiimg.com/www65.atwiki.jp/battle-operation2/attach/1642/2925/img_vkim4c2o.png,https://w.atwiki.jp/battle-operation2/pages/1642.html,0,0
,ジオング,2,2,0,1,600,,https://img.atwikiimg.com/www65.atwiki.jp/battle-operation2/attach/1642/2925/img_vkim4c2o.png,https://w.atwiki.jp/battle-operation2/pages/1642.html,0,0
,ジオング,3,2,0,1,650,,https://img.atwikiimg.com/www65.atwiki.jp/battle-operation2/attach/1642/2925/img_vkim4c2o.png,https://w.atwiki.jp/battle-operation2/pages/1642.html,0,0
,ドラッツェ改,1,2,0,1,250,,https://img.atwikiimg.com/www65.atwiki.jp/battle-operation2/attach/1557/2880/img_drq6ftk.png,https://w.atwiki.jp/battle-operation2/pages/1557.html,0,0
,ドラッツェ改,2,2,0,1,300,,https://img.atwikiimg.com/www65.atwiki.jp/battle-operation2/attach/1557/2880/img_drq6ftk.png,https://w.atwiki.jp/battle-operation2/pages/1557.html,0,0
,ドラッツェ改,3,2,0,1,350,,https://img.atwikiimg.com/www65.atwiki.jp/battle-operation2/attach/1557/2880/img_drq6ftk.png,https://w.atwiki.jp/battle-operation2/pages/1557.html,0,0
,ネモ,1,2,1,1,400,,https://img.atwikiimg.com/www65.atwiki.jp/battle-operation2/attach/1806/3020/img_ya4ks2d1.png,https://w.atwiki.jp/battle-operation2/pages/1806.html,0,0
,ネモ,2,2,1,1,450,,https://img.atwikiimg.com/www65.atwiki.jp/battle-operation2/attach/1806/3020/img_ya4ks2d1.png,https://w.atwiki.jp/battle-operation2/pages/1806.html,0,0
,メタス［重装備仕様］,1,2,1,1,500,,https://img.atwikiimg.com/www65.atwiki.jp/battle-operation2/attach/2581/3352/img_Fnd2CD1o.png,https://w.atwiki.jp/battle-operation2/pages/2581.html,0,0
,メタス［重装備仕様］,2,2,1,1,550,,https://img.atwikiimg.com/www65.atwiki.jp/battle-operation2/attach/2581/3352/img_Fnd2CD1o.png,https://w.atwiki.jp/battle-operation2/pages/2581.html,0,0
,リック・ディアス,1,2,1,1,500,,https://img.atwikiimg.com/www65.atwiki.jp/battle-operation2/attach/1801/3017/img_kz1ogm4w.png,https://w.atwiki.jp/battle-operation2/pages/1801.html,0,0
,リック・ディアス,2,2,1,1,550,,https://img.atwikiimg.com/www65.atwiki.jp/battle-operation2/attach/1801/3017/img_kz1ogm4w.png,https://w.atwiki.jp/battle-operation2/pages/1801.html,0,0
,リック・ディアス,3,2,1,1,600,,https://img.atwikiimg.com/www65.atwiki.jp/battle-operation2/attach/1801/3017/img_kz1ogm4w.png,https://w.atwiki.jp/battle-operation2/pages/1801.html,0,0
,零式,1,2,1,1,550,,https://img.atwikiimg.com/www65.atwiki.jp/battle-operation2/attach/2318/3254/img_H9yVSsoB.png,https://w.atwiki.jp/battle-operation2/pages/2318.html,0,0
,零式,2,2,1,1,600,,https://img.atwikiimg.com/www65.atwiki.jp/battle-operation2/attach/2318/3254/img_H9yVSsoB.png,https://w.atwiki.jp/battle-operation2/pages/2318.html,0,0
,零式,3,2,1,1,650,,https://img.atwikiimg.com/www65.atwiki.jp/battle-operation2/attach/2318/3254/img_H9yVSsoB.png,https://w.atwiki.jp/battle-operation2/pages/2318.html,0,0
,ガンダムMk-Ⅲ,1,2,1,1,550,,https://img.atwikiimg.com/www65.atwiki.jp/battle-operation2/attach/2241/3208/img_n8jcbxgd.png,https://w.atwiki.jp/battle-operation2/pages/2241.html,0,0
,ガンダムMk-Ⅲ,2,2,1,1,600,,https://img.atwikiimg.com/www65.atwiki.jp/battle-operation2/attach/2241/3208/img_n8jcbxgd.png,https://w.atwiki.jp/battle-operation2/pages/2241.html,0,0
,ガンダムMk-Ⅲ,3,2,1,1,650,,https://img.atwikiimg.com/www65.atwiki.jp/battle-operation2/attach/2241/3208/img_n8jcbxgd.png,https://w.atwiki.jp/battle-operation2/pages/2241.html,0,0
,ディジェ,1,2,1,0,550,,https://img.atwikiimg.com/www65.atwiki.jp/battle-operation2/attach/2162/3173/img_d6utmca9.png,https://w.atwiki.jp/battle-operation2/pages/2162.html,0,0
,ディジェ,2,2,1,0,600,,https://img.atwikiimg.com/www65.atwiki.jp/battle-operation2/attach/2162/3173/img_d6utmca9.png,https://w.atwiki.jp/battle-operation2/pages/2162.html,0,0
,ディジェ,3,2,1,0,650,,https://img.atwikiimg.com/www65.atwiki.jp/battle-operation2/attach/2162/3173/img_d6utmca9.png,https://w.atwiki.jp/battle-operation2/pages/2162.html,0,0
,ディジェSE-R,1,2,1,1,600,,https://img.atwikiimg.com/www65.atwiki.jp/battle-operation2/attach/2677/3393/img_ncXxkS68.png,https://w.atwiki.jp/battle-operation2/pages/2677.html,0,0
,ディジェSE-R,2,2,1,1,650,,https://img.atwikiimg.com/www65.atwiki.jp/battle-operation2/attach/2677/3393/img_ncXxkS68.png,https://w.atwiki.jp/battle-operation2/pages/2677.html,0,0
,Ζガンダム,1,2,1,1,600,,https://img.atwikiimg.com/www65.atwiki.jp/battle-operation2/attach/2077/3139/img_gbnywi43.png,https://w.atwiki.jp/battle-operation2/pages/2077.html,0,0
,Ζガンダム,2,2,1,1,650,,https://img.atwikiimg.com/www65.atwiki.jp/battle-operation2/attach/2077/3139/img_gbnywi43.png,https://w.atwiki.jp/battle-operation2/pages/2077.html,0,0
,ジムⅢ,1,2,1,1,400,,https://img.atwikiimg.com/www65.atwiki.jp/battle-operation2/attach/150/3234/img_Js8pbNUP.png,https://w.atwiki.jp/battle-operation2/pages/150.html,0,0
,ジムⅢ,2,2,1,1,450,,https://img.atwikiimg.com/www65.atwiki.jp/battle-operation2/attach/150/3234/img_Js8pbNUP.png,https://w.atwiki.jp/battle-operation2/pages/150.html,0,0
,ジムⅢ,3,2,1,1,500,,https://img.atwikiimg.com/www65.atwiki.jp/battle-operation2/attach/150/3234/img_Js8pbNUP.png,https://w.atwiki.jp/battle-operation2/pages/150.html,0,0
,ΖΖガンダム,1,2,1,1,650,,https://img.atwikiimg.com/www65.atwiki.jp/battle-operation2/attach/2376/3273/img_AoxtN3bt.png,https://w.atwiki.jp/battle-operation2/pages/2376.html,0,0
,ジムⅡ,1,2,1,1,300,,https://img.atwikiimg.com/www65.atwiki.jp/battle-operation2/attach/1853/3059/img_x2nui7rg.png,https://w.atwiki.jp/battle-operation2/pages/1853.html,0,0
,ジムⅡ,2,2,1,1,350,,https://img.atwikiimg.com/www65.atwiki.jp/battle-operation2/attach/1853/3059/img_x2nui7rg.png,https://w.atwiki.jp/battle-operation2/pages/1853.html,0,0
,ジムⅡ,3,2,1,1,400,,https://img.atwikiimg.com/www65.atwiki.jp/battle-operation2/attach/1853/3059/img_x2nui7rg.png,https://w.atwiki.jp/battle-operation2/pages/1853.html,0,0
,ハイザック,1,2,1,1,400,,https://img.atwikiimg.com/www65.atwiki.jp/battle-operation2/attach/1830/3035/img_s5fc3nkj.png,https://w.atwiki.jp/battle-operation2/pages/1830.html,0,0
,ハイザック,2,2,1,1,450,,https://img.atwikiimg.com/www65.atwiki.jp/battle-operation2/attach/1830/3035/img_s5fc3nkj.png,https://w.atwiki.jp/battle-operation2/pages/1830.html,0,0
,ハイザック,3,2,1,1,500,,https://img.atwikiimg.com/www65.atwiki.jp/battle-operation2/attach/1830/3035/img_s5fc3nkj.png,https://w.atwiki.jp/battle-operation2/pages/1830.html,0,0
,マラサイ,1,2,1,1,450,,https://img.atwikiimg.com/www65.atwiki.jp/battle-operation2/attach/2018/3110/img_q1th0sc2.png,https://w.atwiki.jp/battle-operation2/pages/2018.html,0,0
,マラサイ,2,2,1,1,500,,https://img.atwikiimg.com/www65.atwiki.jp/battle-operation2/attach/2018/3110/img_q1th0sc2.png,https://w.atwiki.jp/battle-operation2/pages/2018.html,0,0
,ガルバルディβ,1,2,1,1,450,,https://img.atwikiimg.com/www65.atwiki.jp/battle-operation2/attach/1917/3072/img_u8nsqzt6.png,https://w.atwiki.jp/battle-operation2/pages/1917.html,0,0
,ガルバルディβ,2,2,1,1,500,,https://img.atwikiimg.com/www65.atwiki.jp/battle-operation2/attach/1917/3072/img_u8nsqzt6.png,https://w.atwiki.jp/battle-operation2/pages/1917.html,0,0
,ガルバルディβ,3,2,1,1,550,,https://img.atwikiimg.com/www65.atwiki.jp/battle-operation2/attach/1917/3072/img_u8nsqzt6.png,https://w.atwiki.jp/battle-operation2/pages/1917.html,0,0
,ガンダムMK-Ⅱ,1,2,1,1,500,,https://img.atwikiimg.com/www65.atwiki.jp/battle-operation2/attach/1874/3056/img_u6qp8vtx.png,https://w.atwiki.jp/battle-operation2/pages/1874.html,0,0
,ガンダムMK-Ⅱ,2,2,1,1,550,,https://img.atwikiimg.com/www65.atwiki.jp/battle-operation2/attach/1874/3056/img_u6qp8vtx.png,https://w.atwiki.jp/battle-operation2/pages/1874.html,0,0
,ガンダムMK-Ⅱ,3,2,1,1,600,,https://img.atwikiimg.com/www65.atwiki.jp/battle-operation2/attach/1874/3056/img_u6qp8vtx.png,https://w.atwiki.jp/battle-operation2/pages/1874.html,0,0
,ガンダムMK-Ⅱ,4,2,1,1,650,,https://img.atwikiimg.com/www65.atwiki.jp/battle-operation2/attach/1874/3056/img_u6qp8vtx.png,https://w.atwiki.jp/battle-operation2/pages/1874.html,0,0
,バーザム,1,2,1,1,450,,https://img.atwikiimg.com/www65.atwiki.jp/battle-operation2/attach/2176/3180/img_h6pu7id4.png,https://w.atwiki.jp/battle-operation2/pages/2176.html,0,0
,バーザム,2,2,1,1,500,,https://img.atwikiimg.com/www65.atwiki.jp/battle-operation2/attach/2176/3180/img_h6pu7id4.png,https://w.atwiki.jp/battle-operation2/pages/2176.html,0,0
,ガブスレイ,1,2,1,1,600,,https://img.atwikiimg.com/www65.atwiki.jp/battle-operation2/attach/2283/3229/img_rjwcd2aT.png,https://w.atwiki.jp/battle-operation2/pages/2283.html,0,0
,ガブスレイ,2,2,1,1,650,,https://img.atwikiimg.com/www65.atwiki.jp/battle-operation2/attach/2283/3229/img_rjwcd2aT.png,https://w.atwiki.jp/battle-operation2/pages/2283.html,0,0
,アッシマー,1,2,1,0,550,,https://img.atwikiimg.com/www65.atwiki.jp/battle-operation2/attach/2215/3194/img_v2ez4ygx.png,https://w.atwiki.jp/battle-operation2/pages/2215.html,0,0
,アッシマー,2,2,1,0,600,,https://img.atwikiimg.com/www65.atwiki.jp/battle-operation2/attach/2215/3194/img_v2ez4ygx.png,https://w.atwiki.jp/battle-operation2/pages/2215.html,0,0
,アッシマー,3,2,1,0,650,,https://img.atwikiimg.com/www65.atwiki.jp/battle-operation2/attach/2215/3194/img_v2ez4ygx.png,https://w.atwiki.jp/battle-operation2/pages/2215.html,0,0
,バイアラン,1,2,1,1,500,,https://img.atwikiimg.com/www65.atwiki.jp/battle-operation2/attach/2876/3463/img_TjABIxFw.png,https://w.atwiki.jp/battle-operation2/pages/2876.html,0,0
,バイアラン,2,2,1,1,550,,https://img.atwikiimg.com/www65.atwiki.jp/battle-operation2/attach/2876/3463/img_TjABIxFw.png,https://w.atwiki.jp/battle-operation2/pages/2876.html,0,0
,ジ・O,1,2,1,1,650,,https://img.atwikiimg.com/www65.atwiki.jp/battle-operation2/attach/2838/3453/img_tehqi988.png,https://w.atwiki.jp/battle-operation2/pages/2838.html,0,0
,ドワッジ改,1,2,1,0,450,,https://img.atwikiimg.com/www65.atwiki.jp/battle-operation2/attach/2229/3204/img_m6atrcgs.png,https://w.atwiki.jp/battle-operation2/pages/2229.html,0,0
,ドワッジ改,2,2,1,0,500,,https://img.atwikiimg.com/www65.atwiki.jp/battle-operation2/attach/2229/3204/img_m6atrcgs.png,https://w.atwiki.jp/battle-operation2/pages/2229.html,0,0
,ドワス改,1,2,1,1,450,,https://img.atwikiimg.com/www65.atwiki.jp/battle-operation2/attach/2836/3455/img_dpypzbcx.png,https://w.atwiki.jp/battle-operation2/pages/2836.html,0,0
,リゲルグ,1,2,1,1,500,,https://img.atwikiimg.com/www65.atwiki.jp/battle-operation2/attach/2637/3379/img_JNWz2Euv.png,https://w.atwiki.jp/battle-operation2/pages/2637.html,0,0
,リゲルグ,2,2,1,1,550,,https://img.atwikiimg.com/www65.atwiki.jp/battle-operation2/attach/2637/3379/img_JNWz2Euv.png,https://w.atwiki.jp/battle-operation2/pages/2637.html,0,0
,リゲルグ,3,2,1,1,600,,https://img.atwikiimg.com/www65.atwiki.jp/battle-operation2/attach/2637/3379/img_JNWz2Euv.png,https://w.atwiki.jp/battle-operation2/pages/2637.html,0,0
,ガザC,1,2,1,1,400,,https://img.atwikiimg.com/www65.atwiki.jp/battle-operation2/attach/2378/3275/img_cVmWOkdL.png,https://w.atwiki.jp/battle-operation2/pages/2378.html,0,0
,ガザC,2,2,1,1,450,,https://img.atwikiimg.com/www65.atwiki.jp/battle-operation2/attach/2378/3275/img_cVmWOkdL.png,https://w.atwiki.jp/battle-operation2/pages/2378.html,0,0
,キュベレイ,1,2,1,1,650,,https://img.atwikiimg.com/www65.atwiki.jp/battle-operation2/attach/2435/3293/img_kSjmqzAU.png,https://w.atwiki.jp/battle-operation2/pages/2435.html,0,0
,カプール,1,2,1,0,500,,https://img.atwikiimg.com/www65.atwiki.jp/battle-operation2/attach/2909/3481/img_k0t72wuq.png,https://w.atwiki.jp/battle-operation2/pages/2909.html,0,0
,カプール,2,2,1,0,550,,https://img.atwikiimg.com/www65.atwiki.jp/battle-operation2/attach/2909/3481/img_k0t72wuq.png,https://w.atwiki.jp/battle-operation2/pages/2909.html,0,0
,ガルスJ,1,2,1,1,500,,https://img.atwikiimg.com/www65.atwiki.jp/battle-operation2/attach/2365/3270/img_tT7nyS0c.png,https://w.atwiki.jp/battle-operation2/pages/2365.html,0,0
,ガルスJ,2,2,1,1,550,,https://img.atwikiimg.com/www65.atwiki.jp/battle-operation2/attach/2365/3270/img_tT7nyS0c.png,https://w.atwiki.jp/battle-operation2/pages/2365.html,0,0
,ガルスJ,3,2,1,1,600,,https://img.atwikiimg.com/www65.atwiki.jp/battle-operation2/attach/2365/3270/img_tT7nyS0c.png,https://w.atwiki.jp/battle-operation2/pages/2365.html,0,0
,ドライセン,1,2,1,1,550,,https://img.atwikiimg.com/www65.atwiki.jp/battle-operation2/attach/2509/3321/img_o2pf755z.png,https://w.atwiki.jp/battle-operation2/pages/2509.html,0,0
,ドライセン,2,2,1,1,600,,https://img.atwikiimg.com/www65.atwiki.jp/battle-operation2/attach/2365/3270/img_tT7nyS0c.png,https://w.atwiki.jp/battle-operation2/pages/2509.html,0,0
,ドライセン,3,2,1,1,650,,https://img.atwikiimg.com/www65.atwiki.jp/battle-operation2/attach/2365/3270/img_tT7nyS0c.png,https://w.atwiki.jp/battle-operation2/pages/2509.html,0,0
,ザクⅢ,1,2,1,1,550,,https://img.atwikiimg.com/www65.atwiki.jp/battle-operation2/attach/2943/3494/img_zkazm2hv.png,https://w.atwiki.jp/battle-operation2/pages/2943.html,0,0
,ザクⅢ,2,2,1,1,600,,https://img.atwikiimg.com/www65.atwiki.jp/battle-operation2/attach/2943/3494/img_zkazm2hv.png,https://w.atwiki.jp/battle-operation2/pages/2943.html,0,0
,ドーベン・ウルフ,1,2,1,1,600,,https://img.atwikiimg.com/www65.atwiki.jp/battle-operation2/attach/2700/3403/img_kb7bM507.png,https://w.atwiki.jp/battle-operation2/pages/2700.html,0,0
,ドーベン・ウルフ,2,2,1,1,650,,https://img.atwikiimg.com/www65.atwiki.jp/battle-operation2/attach/2700/3403/img_kb7bM507.png,https://w.atwiki.jp/battle-operation2/pages/2700.html,0,0
,ガズアル,1,2,1,1,500,,https://img.atwikiimg.com/www65.atwiki.jp/battle-operation2/attach/2955/3498/img_grh0p08n.png,https://w.atwiki.jp/battle-operation2/pages/2955.html,0,0
,ガズアル,2,2,1,1,550,,https://img.atwikiimg.com/www65.atwiki.jp/battle-operation2/attach/2955/3498/img_grh0p08n.png,https://w.atwiki.jp/battle-operation2/pages/2955.html,0,0
,トーリス・リッター,1,2,1,1,650,,https://img.atwikiimg.com/www65.atwiki.jp/battle-operation2/attach/2818/3444/img_tvgr5pps.png,https://w.atwiki.jp/battle-operation2/pages/2818.html,0,0
,Ex-Sガンダム,1,2,1,1,650,,https://img.atwikiimg.com/www65.atwiki.jp/battle-operation2/attach/2794/3438/img_z1kzi7u8.png,https://w.atwiki.jp/battle-operation2/pages/2794.html,0,0
,ゼク・アイン［第3種兵装］,1,2,1,1,550,,https://img.atwikiimg.com/www65.atwiki.jp/battle-operation2/attach/2779/3432/img_67ZPoZNw.png,https://w.atwiki.jp/battle-operation2/pages/2779.html,0,0
,ゼク・アイン［第3種兵装］,2,2,1,1,600,,https://img.atwikiimg.com/www65.atwiki.jp/battle-operation2/attach/2779/3432/img_67ZPoZNw.png,https://w.atwiki.jp/battle-operation2/pages/2779.html,0,0
,ジェガン,1,2,1,1,500,,https://img.atwikiimg.com/www65.atwiki.jp/battle-operation2/attach/3060/3529/img_jg67byv5.png,https://w.atwiki.jp/battle-operation2/pages/3060.html,0,0
,ジェガン,2,2,1,1,550,,https://img.atwikiimg.com/www65.atwiki.jp/battle-operation2/attach/3060/3529/img_jg67byv5.png,https://w.atwiki.jp/battle-operation2/pages/3060.html,0,0
,トリスタン,1,2,1,1,600,,https://img.atwikiimg.com/www65.atwiki.jp/battle-operation2/attach/2560/3347/img_gDu3GjNk.png,https://w.atwiki.jp/battle-operation2/pages/2560.html,0,0
,トリスタン,2,2,1,1,650,,https://img.atwikiimg.com/www65.atwiki.jp/battle-operation2/attach/2560/3347/img_gDu3GjNk.png,https://w.atwiki.jp/battle-operation2/pages/2560.html,0,0