,ジム・キャノン,1,支援,1,1,100,,https://img.atwikiimg.com/www65.atwiki.jp/battle-operation2/attach/347/1629/ms_GM_cannon.png,https://w.atwiki.jp/battle-operation2/pages/347.html,0,0
,ジム・キャノン,2,支援,1,1,150,,https://img.atwikiimg.com/www65.atwiki.jp/battle-operation2/attach/347/1629/ms_GM_cannon.png,https://w.atwiki.jp/battle-operation2/pages/347.html,0,0
,ジム・キャノン,3,支援,1,1,200,,https://img.atwikiimg.com/www65.atwiki.jp/battle-operation2/attach/347/1629/ms_GM_cannon.png,https://w.atwiki.jp/battle-operation2/pages/347.html,0,0
,ジム・キャノン,4,支援,1,1,250,,https://img.atwikiimg.com/www65.atwiki.jp/battle-operation2/attach/347/1629/ms_GM_cannon.png,https://w.atwiki.jp/battle-operation2/pages/347.html,0,0
,ジム・キャノン,5,支援,1,1,300,,https://img.atwikiimg.com/www65.atwiki.jp/battle-operation2/attach/347/1629/ms_GM_cannon.png,https://w.atwiki.jp/battle-operation2/pages/347.html,0,0
,ジム・キャノン,6,支援,1,1,400,,https://img.atwikiimg.com/www65.atwiki.jp/battle-operation2/attach/347/1629/ms_GM_cannon.png,https://w.atwiki.jp/battle-operation2/pages/347.html,0,0
,ジム・キャノン［空間突撃仕様］,1,支援,0,1,250,,https://img.atwikiimg.com/www65.atwiki.jp/battle-operation2/attach/1692/2954/img_mwy8ee2q.png,https://w.atwiki.jp/battle-operation2/pages/1692.html,0,0
,ジム・キャノン［空間突撃仕様］,2,支援,0,1,300,,https://img.atwikiimg.com/www65.atwiki.jp/battle-operation2/attach/1692/2954/img_mwy8ee2q.png,https://w.atwiki.jp/battle-operation2/pages/1692.html,0,0
,ジム・キャノン［空間突撃仕様］,3,支援,0,1,350,,https://img.atwikiimg.com/www65.atwiki.jp/battle-operation2/attach/1692/2954/img_mwy8ee2q.png,https://w.atwiki.jp/battle-operation2/pages/1692.html,0,0
,デザート・ジム,1,支援,1,0,250,,https://img.atwikiimg.com/www65.atwiki.jp/battle-operation2/attach/833/1987/img_1hxqf4g2.png,https://w.atwiki.jp/battle-operation2/pages/833.html,0,0
,デザート・ジム,2,支援,1,0,300,,https://img.atwikiimg.com/www65.atwiki.jp/battle-operation2/attach/833/1987/img_1hxqf4g2.png,https://w.atwiki.jp/battle-operation2/pages/833.html,0,0
,デザート・ジム,3,支援,1,0,350,,https://img.atwikiimg.com/www65.atwiki.jp/battle-operation2/attach/833/1987/img_1hxqf4g2.png,https://w.atwiki.jp/battle-operation2/pages/833.html,0,0
,デザート・ジム,4,支援,1,0,400,,https://img.atwikiimg.com/www65.atwiki.jp/battle-operation2/attach/833/1987/img_1hxqf4g2.png,https://w.atwiki.jp/battle-operation2/pages/833.html,0,0
,ジム・スナイパー,1,支援,1,0,200,,https://img.atwikiimg.com/www65.atwiki.jp/battle-operation2/attach/339/1647/gm_sniper.png,https://w.atwiki.jp/battle-operation2/pages/339.html,0,0
,ジム・スナイパー,2,支援,1,0,250,,https://img.atwikiimg.com/www65.atwiki.jp/battle-operation2/attach/339/1647/gm_sniper.png,https://w.atwiki.jp/battle-operation2/pages/339.html,0,0
,ジム・スナイパー,3,支援,1,0,300,,https://img.atwikiimg.com/www65.atwiki.jp/battle-operation2/attach/339/1647/gm_sniper.png,https://w.atwiki.jp/battle-operation2/pages/339.html,0,0
,ジム・スナイパーカスタム,1,支援,1,1,300,,https://img.atwikiimg.com/www65.atwiki.jp/battle-operation2/attach/362/1631/ms_GM_sniper_C.png,https://w.atwiki.jp/battle-operation2/pages/362.html,0,0
,ジム・スナイパーカスタム,2,支援,1,1,350,,https://img.atwikiimg.com/www65.atwiki.jp/battle-operation2/attach/362/1631/ms_GM_sniper_C.png,https://w.atwiki.jp/battle-operation2/pages/362.html,0,0
,ジム・スナイパーカスタム,3,支援,1,1,400,,https://img.atwikiimg.com/www65.atwiki.jp/battle-operation2/attach/362/1631/ms_GM_sniper_C.png,https://w.atwiki.jp/battle-operation2/pages/362.html,0,0
,ジム・SC［ML装備］,1,支援,1,1,350,,https://img.atwikiimg.com/www65.atwiki.jp/battle-operation2/attach/3066/3531/img_gseamg90.png,https://w.atwiki.jp/battle-operation2/pages/3066.html,0,0
,ジム・SC［ML装備］,2,支援,1,1,400,,https://img.atwikiimg.com/www65.atwiki.jp/battle-operation2/attach/3066/3531/img_gseamg90.png,https://w.atwiki.jp/battle-operation2/pages/3066.html,0,0
,ジム・スナイパーⅡ,1,支援,1,1,400,,https://img.atwikiimg.com/www65.atwiki.jp/battle-operation2/attach/149/21/RGM-79SP_01.jpg,https://w.atwiki.jp/battle-operation2/pages/149.html,0,0
,ジム・スナイパーⅡ,2,支援,1,1,450,,https://img.atwikiimg.com/www65.atwiki.jp/battle-operation2/attach/149/21/RGM-79SP_01.jpg,https://w.atwiki.jp/battle-operation2/pages/149.html,0,0
,ジム・スナイパーⅡ,3,支援,1,1,500,,https://img.atwikiimg.com/www65.atwiki.jp/battle-operation2/attach/149/21/RGM-79SP_01.jpg,https://w.atwiki.jp/battle-operation2/pages/149.html,0,0
,陸戦型ガンダム［WR装備］,1,支援,1,0,300,,https://img.atwikiimg.com/www65.atwiki.jp/battle-operation2/attach/890/2050/img_wr15no11.png,https://w.atwiki.jp/battle-operation2/pages/890.html,0,0
,陸戦型ガンダム［WR装備］,2,支援,1,0,350,,https://img.atwikiimg.com/www65.atwiki.jp/battle-operation2/attach/890/2050/img_wr15no11.png,https://w.atwiki.jp/battle-operation2/pages/890.html,0,0
,陸戦型ガンダム［WR装備］,3,支援,1,0,400,,https://img.atwikiimg.com/www65.atwiki.jp/battle-operation2/attach/890/2050/img_wr15no11.png,https://w.atwiki.jp/battle-operation2/pages/890.html,0,0
,陸戦型ガンダム［WR装備］,4,支援,1,0,450,,https://img.atwikiimg.com/www65.atwiki.jp/battle-operation2/attach/890/2050/img_wr15no11.png,https://w.atwiki.jp/battle-operation2/pages/890.html,0,0
,陸戦型ガンダム［WR装備］,5,支援,1,0,500,,https://img.atwikiimg.com/www65.atwiki.jp/battle-operation2/attach/890/2050/img_wr15no11.png,https://w.atwiki.jp/battle-operation2/pages/890.html,0,0
,ガンダムEz8［WR装備］,1,支援,1,0,350,,https://img.atwikiimg.com/www65.atwiki.jp/battle-operation2/attach/2053/3125/img_p4cwjvmq.png,https://w.atwiki.jp/battle-operation2/pages/2053.html,0,0
,ガンダムEz8［WR装備］,2,支援,1,0,400,,https://img.atwikiimg.com/www65.atwiki.jp/battle-operation2/attach/2053/3125/img_p4cwjvmq.png,https://w.atwiki.jp/battle-operation2/pages/2053.html,0,0
,ガンダムEz8［WR装備］,3,支援,1,0,450,,https://img.atwikiimg.com/www65.atwiki.jp/battle-operation2/attach/2053/3125/img_p4cwjvmq.png,https://w.atwiki.jp/battle-operation2/pages/2053.html,0,0
,量産型ガンタンク,1,支援,1,0,250,,https://img.atwikiimg.com/www65.atwiki.jp/battle-operation2/attach/399/1632/ms_gantank_mp.png,https://w.atwiki.jp/battle-operation2/pages/399.html,0,0
,量産型ガンタンク,2,支援,1,0,300,,https://img.atwikiimg.com/www65.atwiki.jp/battle-operation2/attach/399/1632/ms_gantank_mp.png,https://w.atwiki.jp/battle-operation2/pages/399.html,0,0
,量産型ガンタンク,3,支援,1,0,350,,https://img.atwikiimg.com/www65.atwiki.jp/battle-operation2/attach/399/1632/ms_gantank_mp.png,https://w.atwiki.jp/battle-operation2/pages/399.html,0,0
,量産型ガンタンク,4,支援,1,0,400,,https://img.atwikiimg.com/www65.atwiki.jp/battle-operation2/attach/399/1632/ms_gantank_mp.png,https://w.atwiki.jp/battle-operation2/pages/399.html,0,0
,ガンタンク,1,支援,1,1,350,,https://img.atwikiimg.com/www65.atwiki.jp/battle-operation2/attach/337/1633/ms_guntank.png,https://w.atwiki.jp/battle-operation2/pages/337.html,0,0
,ガンタンク,2,支援,1,1,400,,https://img.atwikiimg.com/www65.atwiki.jp/battle-operation2/attach/337/1633/ms_guntank.png,https://w.atwiki.jp/battle-operation2/pages/337.html,0,0
,ガンタンク,3,支援,1,1,450,,https://img.atwikiimg.com/www65.atwiki.jp/battle-operation2/attach/337/1633/ms_guntank.png,https://w.atwiki.jp/battle-operation2/pages/337.html,0,0
,陸戦強襲型ガンタンク,1,支援,1,0,400,,https://img.atwikiimg.com/www65.atwiki.jp/battle-operation2/attach/1372/2779/img_g7l8zihf.png,https://w.atwiki.jp/battle-operation2/pages/1372.html,0,0
,陸戦強襲型ガンタンク,2,支援,1,0,450,,https://img.atwikiimg.com/www65.atwiki.jp/battle-operation2/attach/1372/2779/img_g7l8zihf.png,https://w.atwiki.jp/battle-operation2/pages/1372.html,0,0
,陸戦強襲型ガンタンク,3,支援,1,0,500,,https://img.atwikiimg.com/www65.atwiki.jp/battle-operation2/attach/1372/2779/img_g7l8zihf.png,https://w.atwiki.jp/battle-operation2/pages/1372.html,0,0
,ガンタンクⅡ,1,支援,1,0,350,,https://img.atwikiimg.com/www65.atwiki.jp/battle-operation2/attach/2079/3141/img_mo9ge8s7.png,https://w.atwiki.jp/battle-operation2/pages/2079.html,0,0
,ガンタンクⅡ,2,支援,1,0,400,,https://img.atwikiimg.com/www65.atwiki.jp/battle-operation2/attach/2079/3141/img_mo9ge8s7.png,https://w.atwiki.jp/battle-operation2/pages/2079.html,0,0
,ガンタンクⅡ,3,支援,1,0,450,,https://img.atwikiimg.com/www65.atwiki.jp/battle-operation2/attach/2079/3141/img_mo9ge8s7.png,https://w.atwiki.jp/battle-operation2/pages/2079.html,0,0
,量産型ガンキャノン,1,支援,1,1,300,,https://img.atwikiimg.com/www65.atwiki.jp/battle-operation2/attach/793/1930/img_cnm02gc.png,https://w.atwiki.jp/battle-operation2/pages/793.html,0,0
,量産型ガンキャノン,2,支援,1,1,350,,https://img.atwikiimg.com/www65.atwiki.jp/battle-operation2/attach/793/1930/img_cnm02gc.png,https://w.atwiki.jp/battle-operation2/pages/793.html,0,0
,量産型ガンキャノン,3,支援,1,1,400,,https://img.atwikiimg.com/www65.atwiki.jp/battle-operation2/attach/793/1930/img_cnm02gc.png,https://w.atwiki.jp/battle-operation2/pages/793.html,0,0
,量産型ガンキャノン,4,支援,1,1,450,,https://img.atwikiimg.com/www65.atwiki.jp/battle-operation2/attach/793/1930/img_cnm02gc.png,https://w.atwiki.jp/battle-operation2/pages/793.html,0,0
,量産型ガンキャノン,5,支援,1,1,500,,https://img.atwikiimg.com/www65.atwiki.jp/battle-operation2/attach/793/1930/img_cnm02gc.png,https://w.atwiki.jp/battle-operation2/pages/793.html,0,0
,ガンキャノン,1,支援,1,1,350,,https://img.atwikiimg.com/www65.atwiki.jp/battle-operation2/attach/121/13/GC_01.jpg,https://w.atwiki.jp/battle-operation2/pages/121.html,0,0
,ガンキャノン,2,支援,1,1,400,,https://img.atwikiimg.com/www65.atwiki.jp/battle-operation2/attach/121/13/GC_01.jpg,https://w.atwiki.jp/battle-operation2/pages/121.html,0,0
,ガンキャノン,3,支援,1,1,450,,https://img.atwikiimg.com/www65.atwiki.jp/battle-operation2/attach/121/13/GC_01.jpg,https://w.atwiki.jp/battle-operation2/pages/121.html,0,0
,ガンキャノン,4,支援,1,1,500,,https://img.atwikiimg.com/www65.atwiki.jp/battle-operation2/attach/121/13/GC_01.jpg,https://w.atwiki.jp/battle-operation2/pages/121.html,0,0
,ガンキャノン［SML装備］,1,支援,1,1,350,,https://img.atwikiimg.com/www65.atwiki.jp/battle-operation2/attach/1813/3034/img_p4yvwe72.png,https://w.atwiki.jp/battle-operation2/pages/1813.html,0,0
,ガンキャノンⅡ,1,支援,1,1,400,,https://img.atwikiimg.com/www65.atwiki.jp/battle-operation2/attach/1048/2236/img_2w7p6307.png,https://w.atwiki.jp/battle-operation2/pages/1048.html,0,0
,ガンキャノンⅡ,2,支援,1,1,450,,https://img.atwikiimg.com/www65.atwiki.jp/battle-operation2/attach/1048/2236/img_2w7p6307.png,https://w.atwiki.jp/battle-operation2/pages/1048.html,0,0
,ガンキャノンⅡ,3,支援,1,1,500,,https://img.atwikiimg.com/www65.atwiki.jp/battle-operation2/attach/1048/2236/img_2w7p6307.png,https://w.atwiki.jp/battle-operation2/pages/1048.html,0,0
,ジム・キャノンⅡ,1,支援,1,1,400,,https://img.atwikiimg.com/www65.atwiki.jp/battle-operation2/attach/1576/2895/img_gtcmwy0.png,https://w.atwiki.jp/battle-operation2/pages/1576.html,0,0
,ジム・キャノンⅡ,2,支援,1,1,450,,https://img.atwikiimg.com/www65.atwiki.jp/battle-operation2/attach/1576/2895/img_gtcmwy0.png,https://w.atwiki.jp/battle-operation2/pages/1576.html,0,0
,ジム・キャノンⅡ,3,支援,1,1,500,,https://img.atwikiimg.com/www65.atwiki.jp/battle-operation2/attach/1576/2895/img_gtcmwy0.png,https://w.atwiki.jp/battle-operation2/pages/1576.html,0,0
,ガンナーガンダム,1,支援,1,1,400,,https://img.atwikiimg.com/www65.atwiki.jp/battle-operation2/attach/1292/2687/img_ae38q065.png,https://w.atwiki.jp/battle-operation2/pages/1292.html,0,0
,ガンナーガンダム,2,支援,1,1,450,,https://img.atwikiimg.com/www65.atwiki.jp/battle-operation2/attach/1292/2687/img_ae38q065.png,https://w.atwiki.jp/battle-operation2/pages/1292.html,0,0
,ガンナーガンダム,3,支援,1,1,500,,https://img.atwikiimg.com/www65.atwiki.jp/battle-operation2/attach/1292/2687/img_ae38q065.png,https://w.atwiki.jp/battle-operation2/pages/1292.html,0,0
,フルアーマーガンダム,1,支援,1,1,450,,https://img.atwikiimg.com/www65.atwiki.jp/battle-operation2/attach/696/1850/img_7ee6om7v.png,https://w.atwiki.jp/battle-operation2/pages/696.html,0,0
,フルアーマーガンダム,2,支援,1,1,500,,https://img.atwikiimg.com/www65.atwiki.jp/battle-operation2/attach/696/1850/img_7ee6om7v.png,https://w.atwiki.jp/battle-operation2/pages/696.html,0,0
,フルアーマーガンダム,3,支援,1,1,550,,https://img.atwikiimg.com/www65.atwiki.jp/battle-operation2/attach/696/1850/img_7ee6om7v.png,https://w.atwiki.jp/battle-operation2/pages/696.html,0,0
,フルアーマーガンダム,4,支援,1,1,600,,https://img.atwikiimg.com/www65.atwiki.jp/battle-operation2/attach/696/1850/img_7ee6om7v.png,https://w.atwiki.jp/battle-operation2/pages/696.html,0,0
,フルアーマーガンダム［タイプB］,1,支援,1,1,500,,https://img.atwikiimg.com/www65.atwiki.jp/battle-operation2/attach/1768/2999/img_lxkc8o3y.png,https://w.atwiki.jp/battle-operation2/pages/1768.html,0,0
,フルアーマーガンダム［タイプB］,2,支援,1,1,550,,https://img.atwikiimg.com/www65.atwiki.jp/battle-operation2/attach/1768/2999/img_lxkc8o3y.png,https://w.atwiki.jp/battle-operation2/pages/1768.html,0,0
,ヘビーガンダム,1,支援,1,1,450,,https://img.atwikiimg.com/www65.atwiki.jp/battle-operation2/attach/1188/2436/img_efvb5nn7.png,https://w.atwiki.jp/battle-operation2/pages/1188.html,0,0
,ヘビーガンダム,2,支援,1,1,500,,https://img.atwikiimg.com/www65.atwiki.jp/battle-operation2/attach/1188/2436/img_efvb5nn7.png,https://w.atwiki.jp/battle-operation2/pages/1188.html,0,0
,ヘビーガンダム,3,支援,1,1,550,,https://img.atwikiimg.com/www65.atwiki.jp/battle-operation2/attach/1188/2436/img_efvb5nn7.png,https://w.atwiki.jp/battle-operation2/pages/1188.html,0,0
,ヘビーガンダム,4,支援,1,1,600,,https://img.atwikiimg.com/www65.atwiki.jp/battle-operation2/attach/1188/2436/img_efvb5nn7.png,https://w.atwiki.jp/battle-operation2/pages/1188.html,0,0
,マドロック,1,支援,1,1,450,,https://img.atwikiimg.com/www65.atwiki.jp/battle-operation2/attach/1019/2228/img_hkz5d7y7.png,https://w.atwiki.jp/battle-operation2/pages/1019.html,0,0
,マドロック,2,支援,1,1,500,,https://img.atwikiimg.com/www65.atwiki.jp/battle-operation2/attach/1019/2228/img_hkz5d7y7.png,https://w.atwiki.jp/battle-operation2/pages/1019.html,0,0
,マドロック,3,支援,1,1,550,,https://img.atwikiimg.com/www65.atwiki.jp/battle-operation2/attach/1019/2228/img_hkz5d7y7.png,https://w.atwiki.jp/battle-operation2/pages/1019.html,0,0
,マドロック,4,支援,1,1,600,,https://img.atwikiimg.com/www65.atwiki.jp/battle-operation2/attach/1019/2228/img_hkz5d7y7.png,https://w.atwiki.jp/battle-operation2/pages/1019.html,0,0
,フルアーマーガンダム7号機,1,支援,1,1,550,,https://img.atwikiimg.com/www65.atwiki.jp/battle-operation2/attach/2194/3186/img_c8aq2gvf.png,https://w.atwiki.jp/battle-operation2/pages/2194.html,0,0
,フルアーマーガンダム7号機,2,支援,1,1,600,,https://img.atwikiimg.com/www65.atwiki.jp/battle-operation2/attach/2194/3186/img_c8aq2gvf.png,https://w.atwiki.jp/battle-operation2/pages/2194.html,0,0
,フルアーマーガンダム7号機,3,支援,1,1,650,,https://img.atwikiimg.com/www65.atwiki.jp/battle-operation2/attach/2194/3186/img_c8aq2gvf.png,https://w.atwiki.jp/battle-operation2/pages/2194.html,0,0
,ジーライン・フルカスタム,1,支援,1,1,450,,https://img.atwikiimg.com/www65.atwiki.jp/battle-operation2/attach/1983/3098/img_j7avn9ti.png,https://w.atwiki.jp/battle-operation2/pages/1983.html,0,0
,ジーライン・フルカスタム,2,支援,1,1,500,,https://img.atwikiimg.com/www65.atwiki.jp/battle-operation2/attach/1983/3098/img_j7avn9ti.png,https://w.atwiki.jp/battle-operation2/pages/1983.html,0,0
,ジーライン・フルカスタム,3,支援,1,1,550,,https://img.atwikiimg.com/www65.atwiki.jp/battle-operation2/attach/1983/3098/img_j7avn9ti.png,https://w.atwiki.jp/battle-operation2/pages/1983.html,0,0
,ジーライン・フルカスタム,4,支援,1,1,600,,https://img.atwikiimg.com/www65.atwiki.jp/battle-operation2/attach/1983/3098/img_j7avn9ti.png,https://w.atwiki.jp/battle-operation2/pages/1983.html,0,0
,ガンダム試作2号機［MLRS］,1,支援,1,1,550,,https://img.atwikiimg.com/www65.atwiki.jp/battle-operation2/attach/1660/2933/img_tnd99bp1.png,https://w.atwiki.jp/battle-operation2/pages/1660.html,0,0
,ガンダム試作2号機［MLRS］,2,支援,1,1,600,,https://img.atwikiimg.com/www65.atwiki.jp/battle-operation2/attach/1660/2933/img_tnd99bp1.png,https://w.atwiki.jp/battle-operation2/pages/1660.html,0,0
,ガンダム試作2号機［MLRS］,3,支援,1,1,650,,https://img.atwikiimg.com/www65.atwiki.jp/battle-operation2/attach/1660/2933/img_tnd99bp1.png,https://w.atwiki.jp/battle-operation2/pages/1660.html,0,0
,ガンダム試作4号機,1,支援,0,1,550,,https://img.atwikiimg.com/www65.atwiki.jp/battle-operation2/attach/1741/2979/img_umsy9dy5.png,https://w.atwiki.jp/battle-operation2/pages/1741.html,0,0
,ガンダム試作4号機,2,支援,0,1,600,,https://img.atwikiimg.com/www65.atwiki.jp/battle-operation2/attach/1741/2979/img_umsy9dy5.png,https://w.atwiki.jp/battle-operation2/pages/1741.html,0,0
,ガンダム試作4号機,3,支援,0,1,650,,https://img.atwikiimg.com/www65.atwiki.jp/battle-operation2/attach/1741/2979/img_umsy9dy5.png,https://w.atwiki.jp/battle-operation2/pages/1741.html,0,0
,ヒルドルブ,1,支援,1,0,400,,https://img.atwikiimg.com/www65.atwiki.jp/battle-operation2/attach/1453/2825/img_6ynyokd0.png,https://w.atwiki.jp/battle-operation2/pages/1453.html,0,0
,ヒルドルブ,2,支援,1,0,450,,https://img.atwikiimg.com/www65.atwiki.jp/battle-operation2/attach/1453/2825/img_6ynyokd0.png,https://w.atwiki.jp/battle-operation2/pages/1453.html,0,0
,ヒルドルブ,3,支援,1,0,500,,https://img.atwikiimg.com/www65.atwiki.jp/battle-operation2/attach/1453/2825/img_6ynyokd0.png,https://w.atwiki.jp/battle-operation2/pages/1453.html,0,0
,ザクⅠ指揮官仕様,1,支援,1,1,200,,https://img.atwikiimg.com/www65.atwiki.jp/battle-operation2/attach/895/2053/img_zk15ve11.png,https://w.atwiki.jp/battle-operation2/pages/895.html,0,0
,ザクⅠ指揮官仕様,2,支援,1,1,250,,https://img.atwikiimg.com/www65.atwiki.jp/battle-operation2/attach/895/2053/img_zk15ve11.png,https://w.atwiki.jp/battle-operation2/pages/895.html,0,0
,ザクⅠ指揮官仕様,3,支援,1,1,300,,https://img.atwikiimg.com/www65.atwiki.jp/battle-operation2/attach/895/2053/img_zk15ve11.png,https://w.atwiki.jp/battle-operation2/pages/895.html,0,0
,ザクⅠ指揮官仕様,4,支援,1,1,350,,https://img.atwikiimg.com/www65.atwiki.jp/battle-operation2/attach/895/2053/img_zk15ve11.png,https://w.atwiki.jp/battle-operation2/pages/895.html,0,0
,ザクⅠ・スナイパータイプ,1,支援,1,1,300,,https://img.atwikiimg.com/www65.atwiki.jp/battle-operation2/attach/123/15/zaku1_sniper_01.jpg,https://w.atwiki.jp/battle-operation2/pages/123.html,0,0
,ザクⅠ・スナイパータイプ,2,支援,1,1,350,,https://img.atwikiimg.com/www65.atwiki.jp/battle-operation2/attach/123/15/zaku1_sniper_01.jpg,https://w.atwiki.jp/battle-operation2/pages/123.html,0,0
,ザクⅠ・スナイパータイプ,3,支援,1,1,400,,https://img.atwikiimg.com/www65.atwiki.jp/battle-operation2/attach/123/15/zaku1_sniper_01.jpg,https://w.atwiki.jp/battle-operation2/pages/123.html,0,0
,ザクⅡ［重装備仕様］,1,支援,1,0,200,,https://img.atwikiimg.com/www65.atwiki.jp/battle-operation2/attach/1325/2727/img_zf2tamta.png,https://w.atwiki.jp/battle-operation2/pages/1325.html,0,0
,ザクⅡ［重装備仕様］,2,支援,1,0,250,,https://img.atwikiimg.com/www65.atwiki.jp/battle-operation2/attach/1325/2727/img_zf2tamta.png,https://w.atwiki.jp/battle-operation2/pages/1325.html,0,0
,ザクⅡ［重装備仕様］,3,支援,1,0,300,,https://img.atwikiimg.com/www65.atwiki.jp/battle-operation2/attach/1325/2727/img_zf2tamta.png,https://w.atwiki.jp/battle-operation2/pages/1325.html,0,0
,ザク・デザートタイプ［DA仕様］,1,支援,1,0,300,,https://img.atwikiimg.com/www65.atwiki.jp/battle-operation2/attach/2693/3398/img_t8qgo4O0.png,https://w.atwiki.jp/battle-operation2/pages/2693.html,0,0
,ザク・キャノン,1,支援,1,0,100,,https://img.atwikiimg.com/www65.atwiki.jp/battle-operation2/attach/385/1635/ms_zaku_cannon.png,https://w.atwiki.jp/battle-operation2/pages/385.html,0,0
,ザク・キャノン,2,支援,1,0,150,,https://img.atwikiimg.com/www65.atwiki.jp/battle-operation2/attach/385/1635/ms_zaku_cannon.png,https://w.atwiki.jp/battle-operation2/pages/385.html,0,0
,ザク・キャノン,3,支援,1,0,200,,https://img.atwikiimg.com/www65.atwiki.jp/battle-operation2/attach/385/1635/ms_zaku_cannon.png,https://w.atwiki.jp/battle-operation2/pages/385.html,0,0
,ザク・キャノン,4,支援,1,0,250,,https://img.atwikiimg.com/www65.atwiki.jp/battle-operation2/attach/385/1635/ms_zaku_cannon.png,https://w.atwiki.jp/battle-operation2/pages/385.html,0,0
,ザク・キャノン,5,支援,1,0,300,,https://img.atwikiimg.com/www65.atwiki.jp/battle-operation2/attach/385/1635/ms_zaku_cannon.png,https://w.atwiki.jp/battle-operation2/pages/385.html,0,0
,ザク・キャノン,6,支援,1,0,400,,https://img.atwikiimg.com/www65.atwiki.jp/battle-operation2/attach/385/1635/ms_zaku_cannon.png,https://w.atwiki.jp/battle-operation2/pages/385.html,0,0
,ザク・キャノン［ラビットタイプ］,1,支援,1,0,250,,https://img.atwikiimg.com/www65.atwiki.jp/battle-operation2/attach/1612/2905/zaku_cannon_rabbit.png,https://w.atwiki.jp/battle-operation2/pages/1612.html,0,0
,ザク・キャノン［ラビットタイプ］,2,支援,1,0,300,,https://img.atwikiimg.com/www65.atwiki.jp/battle-operation2/attach/1612/2905/zaku_cannon_rabbit.png,https://w.atwiki.jp/battle-operation2/pages/1612.html,0,0
,ザク・キャノン［ラビットタイプ］,3,支援,1,0,350,,https://img.atwikiimg.com/www65.atwiki.jp/battle-operation2/attach/1612/2905/zaku_cannon_rabbit.png,https://w.atwiki.jp/battle-operation2/pages/1612.html,0,0
,ザク・ハーフキャノン,1,支援,1,0,300,,https://img.atwikiimg.com/www65.atwiki.jp/battle-operation2/attach/2770/3434/img_n15acH7e.png,https://w.atwiki.jp/battle-operation2/pages/2770.html,0,0
,ザク・タンク［砲撃仕様］,1,支援,1,0,300,,https://img.atwikiimg.com/www65.atwiki.jp/battle-operation2/attach/331/1634/ms_zakutank.png,https://w.atwiki.jp/battle-operation2/pages/331.html,0,0
,ザク・タンク［砲撃仕様］,2,支援,1,0,350,,https://img.atwikiimg.com/www65.atwiki.jp/battle-operation2/attach/331/1634/ms_zakutank.png,https://w.atwiki.jp/battle-operation2/pages/331.html,0,0
,ザク・タンク［砲撃仕様］,3,支援,1,0,400,,https://img.atwikiimg.com/www65.atwiki.jp/battle-operation2/attach/331/1634/ms_zakutank.png,https://w.atwiki.jp/battle-operation2/pages/331.html,0,0
,ビショップ,1,支援,0,1,350,,https://img.atwikiimg.com/www65.atwiki.jp/battle-operation2/attach/1405/2800/img_8k52iw5z.png,https://w.atwiki.jp/battle-operation2/pages/1405.html,0,0
,ビショップ,2,支援,0,1,400,,https://img.atwikiimg.com/www65.atwiki.jp/battle-operation2/attach/1405/2800/img_8k52iw5z.png,https://w.atwiki.jp/battle-operation2/pages/1405.html,0,0
,ビショップ,3,支援,0,1,450,,https://img.atwikiimg.com/www65.atwiki.jp/battle-operation2/attach/1405/2800/img_8k52iw5z.png,https://w.atwiki.jp/battle-operation2/pages/1405.html,0,0
,ビショップ,4,支援,0,1,500,,https://img.atwikiimg.com/www65.atwiki.jp/battle-operation2/attach/1405/2800/img_8k52iw5z.png,https://w.atwiki.jp/battle-operation2/pages/1405.html,0,0
,ジュアッグ,1,支援,1,0,350,,https://img.atwikiimg.com/www65.atwiki.jp/battle-operation2/attach/926/2122/juagg_01.png,https://w.atwiki.jp/battle-operation2/pages/926.html,0,0
,ジュアッグ,2,支援,1,0,400,,https://img.atwikiimg.com/www65.atwiki.jp/battle-operation2/attach/926/2122/juagg_01.png,https://w.atwiki.jp/battle-operation2/pages/926.html,0,0
,ジュアッグ,3,支援,1,0,450,,https://img.atwikiimg.com/www65.atwiki.jp/battle-operation2/attach/926/2122/juagg_01.png,https://w.atwiki.jp/battle-operation2/pages/926.html,0,0
,ジュアッグ,4,支援,1,0,500,,https://img.atwikiimg.com/www65.atwiki.jp/battle-operation2/attach/926/2122/juagg_01.png,https://w.atwiki.jp/battle-operation2/pages/926.html,0,0
,ゾック,1,支援,1,0,450,,https://img.atwikiimg.com/www65.atwiki.jp/battle-operation2/attach/1673/2938/zock.png,https://w.atwiki.jp/battle-operation2/pages/1673.html,0,0
,ゾック,2,支援,1,0,500,,https://img.atwikiimg.com/www65.atwiki.jp/battle-operation2/attach/1673/2938/zock.png,https://w.atwiki.jp/battle-operation2/pages/1673.html,0,0
,ゾック,3,支援,1,0,550,,https://img.atwikiimg.com/www65.atwiki.jp/battle-operation2/attach/1673/2938/zock.png,https://w.atwiki.jp/battle-operation2/pages/1673.html,0,0
,ギガン,1,支援,1,1,200,,https://img.atwikiimg.com/www65.atwiki.jp/battle-operation2/attach/1168/2419/img_7a99wek3.png,https://w.atwiki.jp/battle-operation2/pages/1168.html,0,0
,ギガン,2,支援,1,1,250,,https://img.atwikiimg.com/www65.atwiki.jp/battle-operation2/attach/1168/2419/img_7a99wek3.png,https://w.atwiki.jp/battle-operation2/pages/1168.html,0,0
,ギガン,3,支援,1,1,300,,https://img.atwikiimg.com/www65.atwiki.jp/battle-operation2/attach/1168/2419/img_7a99wek3.png,https://w.atwiki.jp/battle-operation2/pages/1168.html,0,0
,ギガン,4,支援,1,1,350,,https://img.atwikiimg.com/www65.atwiki.jp/battle-operation2/attach/1168/2419/img_7a99wek3.png,https://w.atwiki.jp/battle-operation2/pages/1168.html,0,0
,ギガン,5,支援,1,1,400,,https://img.atwikiimg.com/www65.atwiki.jp/battle-operation2/attach/1168/2419/img_7a99wek3.png,https://w.atwiki.jp/battle-operation2/pages/1168.html,0,0
,ドム・バラッジ,1,支援,1,1,400,,https://img.atwikiimg.com/www65.atwiki.jp/battle-operation2/attach/968/2162/img_lps0rg8l.png,https://w.atwiki.jp/battle-operation2/pages/968.html,0,0
,ドム・バラッジ,2,支援,1,1,450,,https://img.atwikiimg.com/www65.atwiki.jp/battle-operation2/attach/968/2162/img_lps0rg8l.png,https://w.atwiki.jp/battle-operation2/pages/968.html,0,0
,ドム・バラッジ,3,支援,1,1,500,,https://img.atwikiimg.com/www65.atwiki.jp/battle-operation2/attach/968/2162/img_lps0rg8l.png,https://w.atwiki.jp/battle-operation2/pages/968.html,0,0
,ドム・キャノン［単砲仕様］,1,支援,1,0,350,,https://img.atwikiimg.com/www65.atwiki.jp/battle-operation2/attach/2339/3263/img_GArJEYhf.png,https://w.atwiki.jp/battle-operation2/pages/2339.html,0,0
,ドム・キャノン［複砲仕様］,1,支援,1,0,350,,https://img.atwikiimg.com/www65.atwiki.jp/battle-operation2/attach/1395/2793/img_efpk2xti.png,https://w.atwiki.jp/battle-operation2/pages/1395.html,0,0
,ドム・キャノン［複砲仕様］,2,支援,1,0,400,,https://img.atwikiimg.com/www65.atwiki.jp/battle-operation2/attach/1395/2793/img_efpk2xti.png,https://w.atwiki.jp/battle-operation2/pages/1395.html,0,0
,ドム・キャノン［複砲仕様］,3,支援,1,0,450,,https://img.atwikiimg.com/www65.atwiki.jp/battle-operation2/attach/1395/2793/img_efpk2xti.png,https://w.atwiki.jp/battle-operation2/pages/1395.html,0,0
,陸戦型ゲルググ,1,支援,1,0,400,,https://img.atwikiimg.com/www65.atwiki.jp/battle-operation2/attach/1091/2322/img_b6mocltr.png,https://w.atwiki.jp/battle-operation2/pages/1091.html,0,0
,陸戦型ゲルググ,2,支援,1,0,450,,https://img.atwikiimg.com/www65.atwiki.jp/battle-operation2/attach/1091/2322/img_b6mocltr.png,https://w.atwiki.jp/battle-operation2/pages/1091.html,0,0
,陸戦型ゲルググ,3,支援,1,0,500,,https://img.atwikiimg.com/www65.atwiki.jp/battle-operation2/attach/1091/2322/img_b6mocltr.png,https://w.atwiki.jp/battle-operation2/pages/1091.html,0,0
,ゲルググ・キャノン,1,支援,1,1,450,,https://img.atwikiimg.com/www65.atwiki.jp/battle-operation2/attach/813/1955/img_x4vwy46t.png,https://w.atwiki.jp/battle-operation2/pages/813.html,0,0
,ゲルググ・キャノン,2,支援,1,1,500,,https://img.atwikiimg.com/www65.atwiki.jp/battle-operation2/attach/813/1955/img_x4vwy46t.png,https://w.atwiki.jp/battle-operation2/pages/813.html,0,0
,ゲルググ・キャノン,3,支援,1,1,550,,https://img.atwikiimg.com/www65.atwiki.jp/battle-operation2/attach/813/1955/img_x4vwy46t.png,https://w.atwiki.jp/battle-operation2/pages/813.html,0,0
,ゲルググ・キャノン,4,支援,1,1,600,,https://img.atwikiimg.com/www65.atwiki.jp/battle-operation2/attach/813/1955/img_x4vwy46t.png,https://w.atwiki.jp/battle-operation2/pages/813.html,0,0
,ゲルググJ,1,支援,1,1,450,,https://img.atwikiimg.com/www65.atwiki.jp/battle-operation2/attach/1241/2619/img_1qank3dr.png,https://w.atwiki.jp/battle-operation2/pages/1241.html,0,0
,ゲルググJ,2,支援,1,1,500,,https://img.atwikiimg.com/www65.atwiki.jp/battle-operation2/attach/1241/2619/img_1qank3dr.png,https://w.atwiki.jp/battle-operation2/pages/1241.html,0,0
,ゲルググJ,3,支援,1,1,550,,https://img.atwikiimg.com/www65.atwiki.jp/battle-operation2/attach/1241/2619/img_1qank3dr.png,https://w.atwiki.jp/battle-operation2/pages/1241.html,0,0
,ゲルググJ,4,支援,1,1,600,,https://img.atwikiimg.com/www65.atwiki.jp/battle-operation2/attach/1241/2619/img_1qank3dr.png,https://w.atwiki.jp/battle-operation2/pages/1241.html,0,0
,ゲルググJ,5,支援,1,1,650,,https://img.atwikiimg.com/www65.atwiki.jp/battle-operation2/attach/1241/2619/img_1qank3dr.png,https://w.atwiki.jp/battle-operation2/pages/1241.html,0,0
,ザメル,1,支援,1,0,500,,https://img.atwikiimg.com/www65.atwiki.jp/battle-operation2/attach/674/1828/zamel_1.png,https://w.atwiki.jp/battle-operation2/pages/674.html,0,0
,ザメル,2,支援,1,0,550,,https://img.atwikiimg.com/www65.atwiki.jp/battle-operation2/attach/674/1828/zamel_1.png,https://w.atwiki.jp/battle-operation2/pages/674.html,0,0
,ザメル,3,支援,1,0,600,,https://img.atwikiimg.com/www65.atwiki.jp/battle-operation2/attach/674/1828/zamel_1.png,https://w.atwiki.jp/battle-operation2/pages/674.html,0,0
,ザメル,4,支援,1,0,650,,https://img.atwikiimg.com/www65.atwiki.jp/battle-operation2/attach/674/1828/zamel_1.png,https://w.atwiki.jp/battle-operation2/pages/674.html,0,0
,ドラッツェ改［重装備型］,1,支援,0,1,300,,https://img.atwikiimg.com/www65.atwiki.jp/battle-operation2/attach/2802/3440/img_rdct3q9i.png,https://w.atwiki.jp/battle-operation2/pages/2802.html,0,0
,スーパーガンダム,1,支援,0,1,550,,https://img.atwikiimg.com/www65.atwiki.jp/battle-operation2/attach/1936/3075/img_w5f3ge2h.png,https://w.atwiki.jp/battle-operation2/pages/1936.html,0,0
,スーパーガンダム,2,支援,0,1,600,,https://img.atwikiimg.com/www65.atwiki.jp/battle-operation2/attach/1936/3075/img_w5f3ge2h.png,https://w.atwiki.jp/battle-operation2/pages/1936.html,0,0
,スーパーガンダム,3,支援,0,1,650,,https://img.atwikiimg.com/www65.atwiki.jp/battle-operation2/attach/1936/3075/img_w5f3ge2h.png,https://w.atwiki.jp/battle-operation2/pages/1936.html,0,0
,Ζガンダム［HML］,1,支援,1,1,650,,https://img.atwikiimg.com/www65.atwiki.jp/battle-operation2/attach/3015/3519/img_agr5o190.png,https://w.atwiki.jp/battle-operation2/pages/3015.html,0,0
,ガンキャノン・ディテクター,1,支援,1,0,450,,https://img.atwikiimg.com/www65.atwiki.jp/battle-operation2/attach/2148/3167/img_e8act2in.png,https://w.atwiki.jp/battle-operation2/pages/2148.html,0,0
,ガンキャノン・ディテクター,2,支援,1,0,500,,https://img.atwikiimg.com/www65.atwiki.jp/battle-operation2/attach/2148/3167/img_e8act2in.png,https://w.atwiki.jp/battle-operation2/pages/2148.html,0,0
,ガンキャノン・ディテクター,3,支援,1,0,550,,https://img.atwikiimg.com/www65.atwiki.jp/battle-operation2/attach/2148/3167/img_e8act2in.png,https://w.atwiki.jp/battle-operation2/pages/2148.html,0,0
,ネモⅢ,1,支援,1,1,500,,https://img.atwikiimg.com/www65.atwiki.jp/battle-operation2/attach/2309/3247/img_R6ThcS4W.png,https://w.atwiki.jp/battle-operation2/pages/2309.html,0,0
,ネモⅢ,2,支援,1,1,550,,https://img.atwikiimg.com/www65.atwiki.jp/battle-operation2/attach/2309/3247/img_R6ThcS4W.png,https://w.atwiki.jp/battle-operation2/pages/2309.html,0,0
,ネモⅢ,3,支援,1,1,600,,https://img.atwikiimg.com/www65.atwiki.jp/battle-operation2/attach/2309/3247/img_R6ThcS4W.png,https://w.atwiki.jp/battle-operation2/pages/2309.html,0,0
,フルアーマー百式改,1,支援,1,1,650,,https://img.atwikiimg.com/www65.atwiki.jp/battle-operation2/attach/2892/3469/img_ah7p8klf.png,https://w.atwiki.jp/battle-operation2/pages/2892.html,0,0
,ハイザック・カスタム,1,支援,1,1,450,,https://img.atwikiimg.com/www65.atwiki.jp/battle-operation2/attach/1855/3046/img_v5cgmrt2.png,https://w.atwiki.jp/battle-operation2/pages/1855.html,0,0
,ハイザック・カスタム,2,支援,1,1,500,,https://img.atwikiimg.com/www65.atwiki.jp/battle-operation2/attach/1855/3046/img_v5cgmrt2.png,https://w.atwiki.jp/battle-operation2/pages/1855.html,0,0
,ハイザック・カスタム,3,支援,1,1,550,,https://img.atwikiimg.com/www65.atwiki.jp/battle-operation2/attach/1855/3046/img_v5cgmrt2.png,https://w.atwiki.jp/battle-operation2/pages/1855.html,0,0
,アイザック,1,支援,1,1,400,,https://img.atwikiimg.com/www65.atwiki.jp/battle-operation2/attach/2615/3374/img_lcIgAElX.png,https://w.atwiki.jp/battle-operation2/pages/2615.html,0,0
,アイザック,2,支援,1,1,450,,https://img.atwikiimg.com/www65.atwiki.jp/battle-operation2/attach/2615/3374/img_lcIgAElX.png,https://w.atwiki.jp/battle-operation2/pages/2615.html,0,0
,アイザック,3,支援,1,1,500,,https://img.atwikiimg.com/www65.atwiki.jp/battle-operation2/attach/2615/3374/img_lcIgAElX.png,https://w.atwiki.jp/battle-operation2/pages/2615.html,0,0
,パラス・アテネ,1,支援,1,1,550,,https://img.atwikiimg.com/www65.atwiki.jp/battle-operation2/attach/2527/3327/img_S05vqLoa.png,https://w.atwiki.jp/battle-operation2/pages/2527.html,0,0
,パラス・アテネ,2,支援,1,1,600,,https://img.atwikiimg.com/www65.atwiki.jp/battle-operation2/attach/2527/3327/img_S05vqLoa.png,https://w.atwiki.jp/battle-operation2/pages/2527.html,0,0
,パラス・アテネ,3,支援,1,1,650,,https://img.atwikiimg.com/www65.atwiki.jp/battle-operation2/attach/2527/3327/img_S05vqLoa.png,https://w.atwiki.jp/battle-operation2/pages/2527.html,0,0
,シュツルム・ディアス［NZ仕様］,1,支援,1,1,550,,https://img.atwikiimg.com/www65.atwiki.jp/battle-operation2/attach/2351/3264/img_Bxiez1J5.png,https://w.atwiki.jp/battle-operation2/pages/2351.html,0,0
,シュツルム・ディアス［NZ仕様］,2,支援,1,1,600,,https://img.atwikiimg.com/www65.atwiki.jp/battle-operation2/attach/2351/3264/img_Bxiez1J5.png,https://w.atwiki.jp/battle-operation2/pages/2351.html,0,0
,シュツルム・ディアス［NZ仕様］,3,支援,1,1,650,,https://img.atwikiimg.com/www65.atwiki.jp/battle-operation2/attach/2351/3264/img_Bxiez1J5.png,https://w.atwiki.jp/battle-operation2/pages/2351.html,0,0
,ハンマ・ハンマ,1,支援,1,1,600,,https://img.atwikiimg.com/www65.atwiki.jp/battle-operation2/attach/2451/3298/img_3PfzQ9sa.png,https://w.atwiki.jp/battle-operation2/pages/2451.html,0,0
,ハンマ・ハンマ,2,支援,1,1,650,,https://img.atwikiimg.com/www65.atwiki.jp/battle-operation2/attach/2451/3298/img_3PfzQ9sa.png,https://w.atwiki.jp/battle-operation2/pages/2451.html,0,0
,ズサ,1,支援,1,1,500,,https://img.atwikiimg.com/www65.atwiki.jp/battle-operation2/attach/2685/3396/img_Mumu7Q0U.png,https://w.atwiki.jp/battle-operation2/pages/2685.html,0,0
,ズサ,2,支援,1,1,550,,https://img.atwikiimg.com/www65.atwiki.jp/battle-operation2/attach/2685/3396/img_Mumu7Q0U.png,https://w.atwiki.jp/battle-operation2/pages/2685.html,0,0
,ズサ,3,支援,1,1,600,,https://img.atwikiimg.com/www65.atwiki.jp/battle-operation2/attach/2685/3396/img_Mumu7Q0U.png,https://w.atwiki.jp/battle-operation2/pages/2685.html,0,0
,ゲーマルク,1,支援,1,1,650,,https://img.atwikiimg.com/www65.atwiki.jp/battle-operation2/attach/2975/3507/img_s108v73b.png,https://w.atwiki.jp/battle-operation2/pages/2975.html,0,0
,ΖプラスC1型,1,支援,1,1,600,,https://img.atwikiimg.com/www65.atwiki.jp/battle-operation2/attach/2730/3413/img_a26abMaR.png,https://w.atwiki.jp/battle-operation2/pages/2730.html,0,0
,ΖプラスC1型,2,支援,1,1,650,,https://img.atwikiimg.com/www65.atwiki.jp/battle-operation2/attach/2730/3413/img_a26abMaR.png,https://w.atwiki.jp/battle-operation2/pages/2730.html,0,0
,FAZZ,1,支援,1,1,600,,https://img.atwikiimg.com/www65.atwiki.jp/battle-operation2/attach/2754/3421/img_FUWvMegU.png,https://w.atwiki.jp/battle-operation2/pages/2754.html,0,0
,FAZZ,2,支援,1,1,650,,https://img.atwikiimg.com/www65.atwiki.jp/battle-operation2/attach/2754/3421/img_FUWvMegU.png,https://w.atwiki.jp/battle-operation2/pages/2754.html,0,0
,ゼク・アイン［第2種兵装］,1,支援,1,1,550,,https://img.atwikiimg.com/www65.atwiki.jp/battle-operation2/attach/2777/3431/img_S2ojjm5u.png,https://w.atwiki.jp/battle-operation2/pages/2777.html,0,0
,ゼク・アイン［第2種兵装］,2,支援,1,1,600,,https://img.atwikiimg.com/www65.atwiki.jp/battle-operation2/attach/2777/3431/img_S2ojjm5u.png,https://w.atwiki.jp/battle-operation2/pages/2777.html,0,0